{
    "uid": "e20241028161042873410",
    "tag": "medium",
    "start_city": "重庆",
    "target_city": "广州",
    "days": 3,
    "people_number": 4,
    "limit_rooms": true,
    "limits_room_type": true,
    "hard_logic_py": [
        "result=(day_count(plan)==3)",
        "result=(people_count(plan)==4)",
        "total_cost=0 \nfor activity in allactivities(plan):\n    total_cost+=activity_cost(activity)\n    total_cost += innercity_transport_cost(activity_transports(activity))\nresult=(total_cost<=7500)",
        "restaurant_type_set=set()\nfor activity in allactivities(plan):\n  if activity_type(activity) in ['breakfast', 'lunch', 'dinner']: restaurant_type_set.add(restaurant_type(activity, target_city(plan)))\nresult=({'粤菜'}<=restaurant_type_set)",
        "result=True\nfor activity in allactivities(plan):\n  if activity_type(activity) in ['attraction', 'airplane', 'train'] and activity_tickets(activity)!=4: result=False\n  if innercity_transport_type(activity_transports(activity))=='metro'and metro_tickets(activity_transports(activity))!=4: result=False",
        "result=True\nfor activity in allactivities(plan):\n  if activity_type(activity)=='accommodation' and room_count(activity)!=2: result=False",
        "result=True\nfor activity in allactivities(plan):\n  if activity_type(activity)=='accommodation' and room_type(activity)!=2: result=False",
        "result=True\nfor activity in allactivities(plan):\n  if innercity_transport_type(activity_transports(activity))=='taxi'and taxi_cars(activity_transports(activity))!=1: result=False"
    ],
    "nature_language": "当前位置重庆。我们四个人计划去广州玩三天，预算7500元，想吃粤菜，开两间双床房。请给我一个旅行规划。",
    "nature_language_en": "Current location: Chongqing. Four of us are planning to visit Guangzhou for three days with a budget of 7,500 RMB. We want to eat Cantonese cuisine and book two twin rooms. Please provide a travel plan."
}