{
    "uid": "e20241028161156053328",
    "tag": "medium",
    "start_city": "重庆",
    "target_city": "苏州",
    "days": 2,
    "people_number": 3,
    "limit_rooms": true,
    "limits_room_type": false,
    "hard_logic_py": [
        "result=(day_count(plan)==2)",
        "result=(people_count(plan)==3)",
        "total_cost=0 \nfor activity in allactivities(plan):\n    total_cost+=activity_cost(activity)\n    total_cost += innercity_transport_cost(activity_transports(activity))\nresult=(total_cost<=6100)",
        "result=True\nfor activity in allactivities(plan):\n  if activity_type(activity) in ['attraction', 'airplane', 'train'] and activity_tickets(activity)!=3: result=False\n  if innercity_transport_type(activity_transports(activity))=='metro'and metro_tickets(activity_transports(activity))!=3: result=False",
        "result=True\nfor activity in allactivities(plan):\n  if activity_type(activity)=='accommodation' and room_count(activity)!=2: result=False",
        "intercity_transport_set=set()\nfor activity in allactivities(plan):\n  if activity_type(activity) in ['train', 'airplane']: intercity_transport_set.add(intercity_transport_type(activity))\nresult=({'train'}==intercity_transport_set)",
        "result=True\nfor activity in allactivities(plan):\n  if innercity_transport_type(activity_transports(activity))=='taxi'and taxi_cars(activity_transports(activity))!=1: result=False"
    ],
    "nature_language": "当前位置重庆。我三个人想去苏州玩2天，预算6100人民币，坐火车往返，住两间房，麻烦给我一个旅行规划。",
    "nature_language_en": "Current location: Chongqing. Three of us want to visit Suzhou for 2 days with a budget of 6,100 RMB. We plan to travel round-trip by train and stay in two rooms. Could you please provide a travel itinerary for us?"
}