{
    "uid": "e20241028161357703933",
    "tag": "medium",
    "start_city": "南京",
    "target_city": "重庆",
    "days": 2,
    "people_number": 1,
    "limit_rooms": true,
    "limits_room_type": false,
    "hard_logic_py": [
        "result=(day_count(plan)==2)",
        "result=(people_count(plan)==1)",
        "total_cost=0 \nfor activity in allactivities(plan):\n    total_cost+=activity_cost(activity)\n    total_cost += innercity_transport_cost(activity_transports(activity))\nresult=(total_cost<=3000)",
        "result=True\nfor activity in allactivities(plan):\n  if activity_type(activity) in ['attraction', 'airplane', 'train'] and activity_tickets(activity)!=1: result=False\n  if innercity_transport_type(activity_transports(activity))=='metro'and metro_tickets(activity_transports(activity))!=1: result=False",
        "result=True\nfor activity in allactivities(plan):\n  if activity_type(activity)=='accommodation' and room_count(activity)!=1: result=False",
        "innercity_transport_set=set()\nfor activity in allactivities(plan):\n  if activity_transports(activity)!=[]: innercity_transport_set.add(innercity_transport_type(activity_transports(activity)))\nresult=({'taxi'}<=innercity_transport_set)",
        "intercity_transport_set=set()\nfor activity in allactivities(plan):\n  if activity_type(activity) in ['train', 'airplane']: intercity_transport_set.add(intercity_transport_type(activity))\nresult=({'train'}==intercity_transport_set)",
        "attraction_type_set=set()\nfor activity in allactivities(plan):\n  if activity_type(activity)=='attraction': attraction_type_set.add(attraction_type(activity, target_city(plan)))\nresult=({'人文景观'}<=attraction_type_set)",
        "accommodation_type_set=set()\nfor activity in allactivities(plan):\n  if activity_type(activity) == 'accommodation': accommodation_type_set.add(accommodation_type(activity, target_city(plan)))\nresult=({'江河景房'}<=accommodation_type_set)",
        "food_cost,food_count=0,0\nfor activity in allactivities(plan):\n    if activity_type(activity) in ['breakfast', 'lunch', 'dinner']:\n        food_cost+=activity_cost(activity)\n        food_count+=1\nresult=(food_cost/food_count/people_count(plan)<=100)",
        "result=True\nfor activity in allactivities(plan):\n  if innercity_transport_type(activity_transports(activity))=='taxi'and taxi_cars(activity_transports(activity))!=1: result=False"
    ],
    "nature_language": "当前位置南京。我一个人想去重庆玩2天，坐火车去，预算3000人民币，喜欢逛人文景观，住一间有江河景房的酒店，市内打车，吃饭一顿平均别超过100，请给我一个旅行规划。",
    "nature_language_en": "**Travel Plan for a 2-Day Trip from Nanjing to Chongqing**"
}