{
    "uid": "e20241028160857444675",
    "tag": "medium",
    "start_city": "苏州",
    "target_city": "上海",
    "days": 2,
    "people_number": 2,
    "limit_rooms": true,
    "limits_room_type": true,
    "hard_logic_py": [
        "result=(day_count(plan)==2)",
        "result=(people_count(plan)==2)",
        "total_cost=0 \nfor activity in allactivities(plan):\n    total_cost+=activity_cost(activity)\n    total_cost += innercity_transport_cost(activity_transports(activity))\nresult=(total_cost<=1300)",
        "hotel_cost=0\nfor activity in allactivities(plan):\n  if activity_type(activity)=='accommodation': hotel_cost+=activity_cost(activity)\nresult=(hotel_cost/people_count(plan)/(day_count(plan)-1)<= 500)",
        "result=True\nfor activity in allactivities(plan):\n  if activity_type(activity) in ['attraction', 'airplane', 'train'] and activity_tickets(activity)!=2: result=False\n  if innercity_transport_type(activity_transports(activity))=='metro'and metro_tickets(activity_transports(activity))!=2: result=False",
        "result=True\nfor activity in allactivities(plan):\n  if activity_type(activity)=='accommodation' and room_count(activity)!=1: result=False",
        "result=True\nfor activity in allactivities(plan):\n  if activity_type(activity)=='accommodation' and room_type(activity)!=1: result=False",
        "result=True\nfor activity in allactivities(plan):\n  if innercity_transport_type(activity_transports(activity))=='taxi'and taxi_cars(activity_transports(activity))!=1: result=False"
    ],
    "nature_language": "当前位置苏州。我和女朋友打算去上海玩两天，预算1300元，希望酒店每晚不超过500元，开一间单床房。请给我一个旅行规划。",
    "nature_language_en": "Current location: Suzhou. My girlfriend and I are planning to visit Shanghai for two days, with a budget of 1300 RMB. We hope to find a hotel with a single-bed room for no more than 500 RMB per night. Please provide a travel plan."
}