{
    "uid": "e20241028161428027700",
    "tag": "medium",
    "start_city": "深圳",
    "target_city": "上海",
    "days": 4,
    "people_number": 2,
    "limit_rooms": false,
    "limits_room_type": false,
    "hard_logic_py": [
        "result=(day_count(plan)==4)",
        "result=(people_count(plan)==2)",
        "total_cost=0 \nfor activity in allactivities(plan):\n    total_cost+=activity_cost(activity)\n    total_cost += innercity_transport_cost(activity_transports(activity))\nresult=(total_cost<=12000)",
        "result=True\nfor activity in allactivities(plan):\n  if activity_type(activity) in ['attraction', 'airplane', 'train'] and activity_tickets(activity)!=2: result=False\n  if innercity_transport_type(activity_transports(activity))=='metro'and metro_tickets(activity_transports(activity))!=2: result=False",
        "intercity_transport_set=set()\nfor activity in allactivities(plan):\n  if activity_type(activity) in ['train', 'airplane']: intercity_transport_set.add(intercity_transport_type(activity))\nresult=({'airplane'}==intercity_transport_set)",
        "restaurant_type_set=set()\nfor activity in allactivities(plan):\n  if activity_type(activity) in ['breakfast', 'lunch', 'dinner']: restaurant_type_set.add(restaurant_type(activity, target_city(plan)))\nresult=({'快餐简餐'}<=restaurant_type_set)",
        "attraction_name_set=set()\nfor activity in allactivities(plan):\n  if activity_type(activity)=='attraction': attraction_name_set.add(activity_position(activity))\nresult=({'上海迪士尼度假区'}<=attraction_name_set)",
        "accommodation_type_set=set()\nfor activity in allactivities(plan):\n  if activity_type(activity) == 'accommodation': accommodation_type_set.add(accommodation_type(activity, target_city(plan)))\nresult=({'SPA'}<=accommodation_type_set)",
        "result=True\nfor activity in allactivities(plan):\n  if innercity_transport_type(activity_transports(activity))=='taxi'and taxi_cars(activity_transports(activity))!=1: result=False"
    ],
    "nature_language": "当前位置深圳。我和我的朋友想去上海玩4天，预算12000人民币，坐飞机去，吃快餐简餐，想去上海迪士尼度假区，住的酒店最好有SPA。",
    "nature_language_en": "Current location: Shenzhen. My friend and I want to go to Shanghai for 4 days with a budget of 12,000 RMB. We plan to fly there, eat fast food and simple meals, and we want to visit Shanghai Disney Resort. We prefer a hotel with a spa."
}