{
    "uid": "e20241028161340383778",
    "tag": "medium",
    "start_city": "深圳",
    "target_city": "南京",
    "days": 2,
    "people_number": 3,
    "limit_rooms": true,
    "limits_room_type": true,
    "hard_logic_py": [
        "result=(day_count(plan)==2)",
        "result=(people_count(plan)==3)",
        "total_cost=0 \nfor activity in allactivities(plan):\n    total_cost+=activity_cost(activity)\n    total_cost += innercity_transport_cost(activity_transports(activity))\nresult=(total_cost<=5000)",
        "result=True\nfor activity in allactivities(plan):\n  if activity_type(activity) in ['attraction', 'airplane', 'train'] and activity_tickets(activity)!=3: result=False\n  if innercity_transport_type(activity_transports(activity))=='metro'and metro_tickets(activity_transports(activity))!=3: result=False",
        "result=True\nfor activity in allactivities(plan):\n  if activity_type(activity)=='accommodation' and room_count(activity)!=2: result=False",
        "result=True\nfor activity in allactivities(plan):\n  if activity_type(activity)=='accommodation' and room_type(activity)!=2: result=False",
        "intercity_transport_set=set()\nfor activity in allactivities(plan):\n  if activity_type(activity) in ['train', 'airplane']: intercity_transport_set.add(intercity_transport_type(activity))\nresult=({'train'}==intercity_transport_set)",
        "attraction_type_set=set()\nfor activity in allactivities(plan):\n  if activity_type(activity)=='attraction': attraction_type_set.add(attraction_type(activity, target_city(plan)))\nresult=({'人文景观'}<=attraction_type_set)",
        "food_cost,food_count=0,0\nfor activity in allactivities(plan):\n    if activity_type(activity) in ['breakfast', 'lunch', 'dinner']:\n        food_cost+=activity_cost(activity)\n        food_count+=1\nresult=(food_cost/food_count/people_count(plan)<=60)",
        "result=True\nfor activity in allactivities(plan):\n  if innercity_transport_type(activity_transports(activity))=='taxi'and taxi_cars(activity_transports(activity))!=1: result=False"
    ],
    "nature_language": "当前位置深圳。我三个人想去南京玩2天，坐火车去，预算5000人民币，住两间双床房，喜欢人文景观的景点，人均每顿饭不超过60元，请给我一个旅行规划。",
    "nature_language_en": "**Travel Plan for a 2-Day Trip from Shenzhen to Nanjing**"
}