{
    "uid": "e20241028160953818897",
    "tag": "medium",
    "start_city": "杭州",
    "target_city": "深圳",
    "days": 2,
    "people_number": 4,
    "limit_rooms": true,
    "limits_room_type": true,
    "hard_logic_py": [
        "result=(day_count(plan)==2)",
        "result=(people_count(plan)==4)",
        "total_cost=0 \nfor activity in allactivities(plan):\n    total_cost+=activity_cost(activity)\n    total_cost += innercity_transport_cost(activity_transports(activity))\nresult=(total_cost<=7100)",
        "attraction_type_set=set()\nfor activity in allactivities(plan):\n  if activity_type(activity)=='attraction': attraction_type_set.add(attraction_type(activity, target_city(plan)))\nresult=({'商业街区'}<=attraction_type_set)",
        "result=True\nfor activity in allactivities(plan):\n  if activity_type(activity) in ['attraction', 'airplane', 'train'] and activity_tickets(activity)!=4: result=False\n  if innercity_transport_type(activity_transports(activity))=='metro'and metro_tickets(activity_transports(activity))!=4: result=False",
        "result=True\nfor activity in allactivities(plan):\n  if activity_type(activity)=='accommodation' and room_count(activity)!=2: result=False",
        "result=True\nfor activity in allactivities(plan):\n  if activity_type(activity)=='accommodation' and room_type(activity)!=2: result=False",
        "result=True\nfor activity in allactivities(plan):\n  if innercity_transport_type(activity_transports(activity))=='taxi'and taxi_cars(activity_transports(activity))!=1: result=False"
    ],
    "nature_language": "当前位置杭州。我们四个人计划去深圳玩两天，想去商业街区购物，预算7100元，开两间双床房。请给我一个旅行规划。",
    "nature_language_en": "Current location: Hangzhou. Four of us are planning to visit Shenzhen for two days. We want to go shopping in commercial districts, with a budget of 7,100 RMB, and book two twin rooms. Please provide me with a travel plan."
}