{
    "uid": "h20241029143803188730",
    "tag": "human",
    "start_city": "上海",
    "target_city": "重庆",
    "days": 4,
    "people_number": 2,
    "limit_rooms": false,
    "limits_room_type": false,
    "hard_logic_py": [
        "result=(day_count(plan)==4)",
        "result=(people_count(plan)==2)",
        "result=True\nfor activity in allactivities(plan):\n  if innercity_transport_type(activity_transports(activity))=='taxi'and taxi_cars(activity_transports(activity))!=1: result=False",
        "result=True\nfor activity in allactivities(plan):\n  if activity_type(activity) in ['attraction', 'airplane', 'train'] and activity_tickets(activity)!=2: result=False\n  if innercity_transport_type(activity_transports(activity))=='metro'and metro_tickets(activity_transports(activity))!=2: result=False"
    ],
    "nature_language": "[当前位置上海,目标位置重庆,旅行人数2,旅行天数4] 我和1个兄弟计划从上海去重庆玩4天，希望不走马观花、拒绝打卡旅行，除来回的高铁/飞机，在重庆花的钱不超过3400.",
    "nature_language_en": "[Current location: Shanghai, Destination: Chongqing, Number of travelers: 2, Number of travel days: 4] My brother and I are planning to travel from Shanghai to Chongqing for 4 days. We hope to avoid a rushed, checklist-style trip. Apart from the round-trip high-speed train/flight, we aim to spend no more than 3400 yuan in Chongqing."
}