{
    "uid": "h20241029143450090032",
    "tag": "human",
    "start_city": "上海",
    "target_city": "重庆",
    "days": 3,
    "people_number": 2,
    "limit_rooms": false,
    "limits_room_type": false,
    "hard_logic_py": [
        "result=(day_count(plan)==3)",
        "result=(people_count(plan)==2)",
        "result=True\nfor activity in allactivities(plan):\n  if innercity_transport_type(activity_transports(activity))=='taxi'and taxi_cars(activity_transports(activity))!=1: result=False",
        "result=True\nfor activity in allactivities(plan):\n  if activity_type(activity) in ['attraction', 'airplane', 'train'] and activity_tickets(activity)!=2: result=False\n  if innercity_transport_type(activity_transports(activity))=='metro'and metro_tickets(activity_transports(activity))!=2: result=False"
    ],
    "nature_language": "[当前位置上海,目标位置重庆,旅行人数2,旅行天数3] 我要和女朋友从上海出发去重庆玩，大概三天。市内交通要求最省时间，预算4000的差旅费，帮我规划行程。",
    "nature_language_en": "[Current location: Shanghai, Destination: Chongqing, Number of travelers: 2, Travel days: 3] My girlfriend and I are planning to travel from Shanghai to Chongqing for about three days. We want the most time-efficient city transportation, with a travel budget of 4000. Please help me plan the itinerary."
}