{
    "uid": "h20241029143812547929",
    "tag": "human",
    "start_city": "重庆",
    "target_city": "成都",
    "days": 2,
    "people_number": 3,
    "limit_rooms": false,
    "limits_room_type": false,
    "hard_logic_py": [
        "total_cost=0 \nfor activity in allactivities(plan):\n    total_cost+=activity_cost(activity)\n    total_cost += innercity_transport_cost(activity_transports(activity))\nresult=(total_cost<=10000)",
        "restaurant_type_set=set()\nfor activity in allactivities(plan):\n  if activity_type(activity) in ['breakfast', 'lunch', 'dinner']: restaurant_type_set.add(restaurant_type(activity, target_city(plan)))\nresult=({'川菜'}<=restaurant_type_set)",
        "result=(day_count(plan)==2)",
        "result=(people_count(plan)==3)",
        "result=True\nfor activity in allactivities(plan):\n  if innercity_transport_type(activity_transports(activity))=='taxi'and taxi_cars(activity_transports(activity))!=1: result=False"
    ],
    "nature_language": "[当前位置重庆,目标位置成都,旅行人数3,旅行天数2] 我和父母计划从重庆前往成都，时间紧，只能待两天。我们都喜欢吃辣，想尝试当地的特色菜，有什么建议吗？总预算不超过1万元",
    "nature_language_en": "[Current location: Chongqing, Destination: Chengdu, Number of travelers: 3, Duration of travel: 2 days] My parents and I are planning to travel from Chongqing to Chengdu. We are short on time and can only stay for two days. We all enjoy spicy food and would like to try some local specialties. Do you have any recommendations? Our total budget is no more than 10,000 yuan."
}