{
    "uid": "h20241029143858969810",
    "tag": "human",
    "start_city": "南京",
    "target_city": "重庆",
    "days": 5,
    "people_number": 1,
    "limit_rooms": false,
    "limits_room_type": false,
    "hard_logic_py": [
        "total_cost=0 \nfor activity in allactivities(plan):\n    total_cost+=activity_cost(activity)\n    total_cost += innercity_transport_cost(activity_transports(activity))\nresult=(total_cost<=50000)",
        "result=(day_count(plan)==5)",
        "result=(people_count(plan)==1)",
        "result=True\nfor activity in allactivities(plan):\n  if innercity_transport_type(activity_transports(activity))=='taxi'and taxi_cars(activity_transports(activity))!=1: result=False",
        "result=True\nfor activity in allactivities(plan):\n  if activity_type(activity) in ['attraction', 'airplane', 'train'] and activity_tickets(activity)!=1: result=False\n  if innercity_transport_type(activity_transports(activity))=='metro'and metro_tickets(activity_transports(activity))!=1: result=False"
    ],
    "nature_language": "[当前位置南京,目标位置重庆,旅行人数1,旅行天数5] 当前位置南京，我希望去重庆进行5天的深度旅行。预算限制在50000元以内。请在这个范围内给予我尽可能好的饮食条件。我不喜欢太过繁忙的景点，请尽可能安排游客人数较少的景点。",
    "nature_language_en": "[Current location: Nanjing, Destination: Chongqing, Number of travelers: 1, Travel days: 5] Currently in Nanjing, I would like to go to Chongqing for a 5-day in-depth trip. The budget is limited to 50,000 RMB. Please provide me with the best possible dining conditions within this range. I don't like overly crowded attractions, so please arrange for attractions with fewer tourists as much as possible."
}