{
    "uid": "h20241029143608049345",
    "tag": "human",
    "start_city": "北京",
    "target_city": "上海",
    "days": 3,
    "people_number": 2,
    "limit_rooms": false,
    "limits_room_type": false,
    "hard_logic_py": [
        "intercity_transport_set=set()\nfor activity in allactivities(plan):\n  if activity_type(activity) in ['train', 'airplane']: intercity_transport_set.add(intercity_transport_type(activity))\nresult=({'airplane'}==intercity_transport_set)",
        "attraction_type_set=set()\nfor activity in allactivities(plan):\n  if activity_type(activity)=='attraction': attraction_type_set.add(attraction_type(activity, target_city(plan)))\nresult=({'红色景点'}<=attraction_type_set)",
        "result=(day_count(plan)==3)",
        "result=(people_count(plan)==2)",
        "result=True\nfor activity in allactivities(plan):\n  if innercity_transport_type(activity_transports(activity))=='taxi'and taxi_cars(activity_transports(activity))!=1: result=False",
        "result=True\nfor activity in allactivities(plan):\n  if activity_type(activity) in ['attraction', 'airplane', 'train'] and activity_tickets(activity)!=2: result=False\n  if innercity_transport_type(activity_transports(activity))=='metro'and metro_tickets(activity_transports(activity))!=2: result=False"
    ],
    "nature_language": "[当前位置北京,目标位置上海,旅行人数2,旅行天数3] 我和朋友计划用三天的时间从北京到上海玩，计划坐飞机来回，偏红色旅游线路",
    "nature_language_en": "[Current location: Beijing, Destination: Shanghai, Number of travelers: 2, Number of travel days: 3] My friend and I are planning to spend three days traveling from Beijing to Shanghai. We plan to fly round trip and prefer a red-themed travel route."
}