{
    "uid": "h20241029143824748448",
    "tag": "human",
    "start_city": "上海",
    "target_city": "南京",
    "days": 1,
    "people_number": 2,
    "limit_rooms": false,
    "limits_room_type": false,
    "hard_logic_py": [
        "result=(day_count(plan)==1)",
        "result=(people_count(plan)==2)",
        "result=True\nfor activity in allactivities(plan):\n  if innercity_transport_type(activity_transports(activity))=='taxi'and taxi_cars(activity_transports(activity))!=1: result=False",
        "result=True\nfor activity in allactivities(plan):\n  if activity_type(activity) in ['attraction', 'airplane', 'train'] and activity_tickets(activity)!=2: result=False\n  if innercity_transport_type(activity_transports(activity))=='metro'and metro_tickets(activity_transports(activity))!=2: result=False"
    ],
    "nature_language": "[当前位置上海,目标位置南京,旅行人数2,旅行天数1] 从上海到南京一日游，带女儿一起，主要目标是拍照打卡，有哪些必去的网红景点？",
    "nature_language_en": "[Current location: Shanghai, Destination: Nanjing, Number of travelers: 2, Travel days: 1] A one-day trip from Shanghai to Nanjing with my daughter, with the main goal of taking photos and checking in at popular spots. What are the must-visit trendy attractions?"
}