{
    "uid": "h20241029143743586105",
    "tag": "human",
    "start_city": "广州",
    "target_city": "武汉",
    "days": 4,
    "people_number": 3,
    "limit_rooms": false,
    "limits_room_type": false,
    "hard_logic_py": [
        "result=(day_count(plan)==4)",
        "result=(people_count(plan)==3)",
        "result=True\nfor activity in allactivities(plan):\n  if innercity_transport_type(activity_transports(activity))=='taxi'and taxi_cars(activity_transports(activity))!=1: result=False"
    ],
    "nature_language": "[当前位置广州,目标位置武汉,旅行人数3,旅行天数4] 我们想去武汉玩4天，请帮我规划一下行程。旅游安排不要太紧凑，尽可能舒适一些。交通尽可能便利。",
    "nature_language_en": "[Current location: Guangzhou, Destination: Wuhan, Number of travelers: 3, Travel days: 4] We want to visit Wuhan for 4 days. Please help us plan the itinerary. The travel schedule should not be too tight and should be as comfortable as possible. Transportation should be as convenient as possible."
}