{
    "uid": "h20241029143532210869",
    "tag": "human",
    "start_city": "苏州",
    "target_city": "北京",
    "days": 5,
    "people_number": 1,
    "limit_rooms": false,
    "limits_room_type": false,
    "hard_logic_py": [
        "total_cost=0 \nfor activity in allactivities(plan):\n    total_cost+=activity_cost(activity)\n    total_cost += innercity_transport_cost(activity_transports(activity))\nresult=(total_cost<=3000)",
        "result=(day_count(plan)==5)",
        "result=(people_count(plan)==1)",
        "result=True\nfor activity in allactivities(plan):\n  if innercity_transport_type(activity_transports(activity))=='taxi'and taxi_cars(activity_transports(activity))!=1: result=False",
        "result=True\nfor activity in allactivities(plan):\n  if activity_type(activity) in ['attraction', 'airplane', 'train'] and activity_tickets(activity)!=1: result=False\n  if innercity_transport_type(activity_transports(activity))=='metro'and metro_tickets(activity_transports(activity))!=1: result=False"
    ],
    "nature_language": "[当前位置苏州,目标位置北京,旅行人数1,旅行天数5] 当前我在苏州，现在我想去北京旅游，一个人，5天，预算三千，怎么办",
    "nature_language_en": "[Current location: Suzhou, Destination: Beijing, Number of travelers: 1, Travel days: 5] I am currently in Suzhou, and I want to travel to Beijing alone for 5 days with a budget of 3,000. What should I do?"
}