{
    "uid": "h20241029143916604779",
    "tag": "human",
    "start_city": "南京",
    "target_city": "北京",
    "days": 5,
    "people_number": 3,
    "limit_rooms": false,
    "limits_room_type": false,
    "hard_logic_py": [
        "attraction_type_set=set()\nfor activity in allactivities(plan):\n  if activity_type(activity)=='attraction': attraction_type_set.add(attraction_type(activity, target_city(plan)))\nresult=({'历史古迹'}<=attraction_type_set)",
        "result=(day_count(plan)==5)",
        "result=(people_count(plan)==3)",
        "result=True\nfor activity in allactivities(plan):\n  if innercity_transport_type(activity_transports(activity))=='taxi'and taxi_cars(activity_transports(activity))!=1: result=False",
        "result=True\nfor activity in allactivities(plan):\n  if activity_type(activity) in ['attraction', 'airplane', 'train'] and activity_tickets(activity)!=3: result=False\n  if innercity_transport_type(activity_transports(activity))=='metro'and metro_tickets(activity_transports(activity))!=3: result=False"
    ],
    "nature_language": "[当前位置南京,目标位置北京,旅行人数3,旅行天数5] 我想带父母去北京玩5天，老人对历史文化更感兴趣，旅途不要太辛苦，吃喝要方便，住的地方要交通便利",
    "nature_language_en": "[Current location: Nanjing, Destination: Beijing, Number of travelers: 3, Number of travel days: 5] I want to take my parents to Beijing for 5 days. The elderly are more interested in history and culture. The journey should not be too tiring, food and drink should be convenient, and the accommodation should have easy access to transportation."
}