{
    "uid": "h20241029143657365639",
    "tag": "human",
    "start_city": "南京",
    "target_city": "武汉",
    "days": 3,
    "people_number": 1,
    "limit_rooms": false,
    "limits_room_type": false,
    "hard_logic_py": [
        "intercity_transport_set=set()\nfor activity in allactivities(plan):\n  if activity_type(activity) in ['train', 'airplane']: intercity_transport_set.add(intercity_transport_type(activity))\nresult=({'train'}==intercity_transport_set)",
        "result=(day_count(plan)==3)",
        "result=(people_count(plan)==1)",
        "result=True\nfor activity in allactivities(plan):\n  if innercity_transport_type(activity_transports(activity))=='taxi'and taxi_cars(activity_transports(activity))!=1: result=False"
    ],
    "nature_language": "[当前位置南京,目标位置武汉,旅行人数1,旅行天数3] 当前位置南京，一个人想去武汉玩三天，往返火车，要体验当地美食，希望去一些凉爽的地方",
    "nature_language_en": "[Current location: Nanjing, Destination: Wuhan, Number of travelers: 1, Travel days: 3] The current location is Nanjing, and one person wants to travel to Wuhan for three days. They plan to take a round-trip train, wish to experience local cuisine, and hope to visit some cool places."
}