{
    "uid": "h20241029143738057260",
    "tag": "human",
    "start_city": "南京",
    "target_city": "苏州",
    "days": 1,
    "people_number": 2,
    "limit_rooms": false,
    "limits_room_type": false,
    "hard_logic_py": [
        "result=(day_count(plan)==1)",
        "result=(people_count(plan)==2)",
        "result=True\nfor activity in allactivities(plan):\n  if innercity_transport_type(activity_transports(activity))=='taxi'and taxi_cars(activity_transports(activity))!=1: result=False",
        "result=True\nfor activity in allactivities(plan):\n  if activity_type(activity) in ['attraction', 'airplane', 'train'] and activity_tickets(activity)!=2: result=False\n  if innercity_transport_type(activity_transports(activity))=='metro'and metro_tickets(activity_transports(activity))!=2: result=False"
    ],
    "nature_language": "[当前位置南京,目标位置苏州,旅行人数2,旅行天数1] 打算从南京去苏州一日游，当天前往当天晚上回。帮我规划一下行程。。",
    "nature_language_en": "[Current location: Nanjing, Destination: Suzhou, Number of travelers: 2, Number of travel days: 1] Planning a one-day trip from Nanjing to Suzhou, departing and returning on the same day. Please help me plan the itinerary."
}