{
    "uid": "h20241029143722458026",
    "tag": "human",
    "start_city": "武汉",
    "target_city": "上海",
    "days": 3,
    "people_number": 2,
    "limit_rooms": false,
    "limits_room_type": false,
    "hard_logic_py": [
        "total_cost=0 \nfor activity in allactivities(plan):\n    total_cost+=activity_cost(activity)\n    total_cost += innercity_transport_cost(activity_transports(activity))\nresult=(total_cost<=4000)",
        "hotel_cost=0\nfor activity in allactivities(plan):\n  if activity_type(activity)=='accommodation': hotel_cost+=activity_cost(activity)\nresult=(hotel_cost/people_count(plan)/(day_count(plan)-1)<= 450)",
        "attraction_name_set=set()\nfor activity in allactivities(plan):\n  if activity_type(activity)=='attraction': attraction_name_set.add(activity_position(activity))\nresult=({'上海迪士尼度假区','外滩','陆家嘴'}<=attraction_name_set)",
        "attraction_type_set=set()\nfor activity in allactivities(plan):\n  if activity_type(activity)=='attraction': attraction_type_set.add(attraction_type(activity, target_city(plan)))\nresult=({'人文景观'}<=attraction_type_set)",
        "restaurant_type_set=set()\nfor activity in allactivities(plan):\n  if activity_type(activity) in ['breakfast', 'lunch', 'dinner']: restaurant_type_set.add(restaurant_type(activity, target_city(plan)))\nresult=({'上海菜'}<=restaurant_type_set)",
        "result=(day_count(plan)==3)",
        "result=(people_count(plan)==2)",
        "result=True\nfor activity in allactivities(plan):\n  if innercity_transport_type(activity_transports(activity))=='taxi'and taxi_cars(activity_transports(activity))!=1: result=False"
    ],
    "nature_language": "[当前位置武汉,目标位置上海,旅行人数2,旅行天数3] 坐标武汉，两个人想去上海玩三天，必须高铁往返，想逛外滩、游玩上海迪士尼乐园、陆家嘴，并参观一些人文历史景观，同时享受上海特色美食，酒店价格不能超过¥450一晚，可以帮我做一个行程规划吗预算4000",
    "nature_language_en": "[Current location: Wuhan, Destination: Shanghai, Number of travelers: 2, Duration of trip: 3 days] Two people in Wuhan want to travel to Shanghai for three days. They must travel round-trip by high-speed train. They want to visit the Bund, enjoy Shanghai Disneyland, explore Lujiazui, and visit some cultural and historical sites, while also enjoying Shanghai's local cuisine. The hotel price should not exceed ¥450 per night. Can you help me create an itinerary with a budget of ¥4000?"
}