{
    "uid": "h20241029143623982133",
    "tag": "human",
    "start_city": "苏州",
    "target_city": "南京",
    "days": 2,
    "people_number": 1,
    "limit_rooms": false,
    "limits_room_type": false,
    "hard_logic_py": [
        "result=(day_count(plan)==2)",
        "result=(people_count(plan)==1)",
        "result=True\nfor activity in allactivities(plan):\n  if innercity_transport_type(activity_transports(activity))=='taxi'and taxi_cars(activity_transports(activity))!=1: result=False",
        "result=True\nfor activity in allactivities(plan):\n  if activity_type(activity) in ['attraction', 'airplane', 'train'] and activity_tickets(activity)!=1: result=False\n  if innercity_transport_type(activity_transports(activity))=='metro'and metro_tickets(activity_transports(activity))!=1: result=False"
    ],
    "nature_language": "[当前位置苏州,目标位置南京,旅行人数1,旅行天数2] 我想去苏州旅行两天，能不能给我一个舒适游的规划",
    "nature_language_en": "[Current location: Suzhou, Destination: Nanjing, Number of travelers: 2, Number of travel days: 2] I would like to travel to Suzhou for about three days. Could you provide me with a comfortable travel plan?"
}