{
    "uid": "h20241029143806507479",
    "tag": "human",
    "start_city": "杭州",
    "target_city": "广州",
    "days": 5,
    "people_number": 2,
    "limit_rooms": false,
    "limits_room_type": false,
    "hard_logic_py": [
        "attraction_type_set=set()\nfor activity in allactivities(plan):\n  if activity_type(activity)=='attraction': attraction_type_set.add(attraction_type(activity, target_city(plan)))\nresult=({'商业街区'}<=attraction_type_set)",
        "restaurant_type_set=set()\nfor activity in allactivities(plan):\n  if activity_type(activity) in ['breakfast', 'lunch', 'dinner']: restaurant_type_set.add(restaurant_type(activity, target_city(plan)))\nresult=({'粤菜'}<=restaurant_type_set)",
        "intercity_transport_set=set()\nfor activity in allactivities(plan):\n  if activity_type(activity) in ['train', 'airplane']: intercity_transport_set.add(intercity_transport_type(activity))\nresult=({'airplane'}==intercity_transport_set)",
        "result=(day_count(plan)==5)",
        "result=(people_count(plan)==2)",
        "result=True\nfor activity in allactivities(plan):\n  if innercity_transport_type(activity_transports(activity))=='taxi'and taxi_cars(activity_transports(activity))!=1: result=False",
        "result=True\nfor activity in allactivities(plan):\n  if activity_type(activity) in ['attraction', 'airplane', 'train'] and activity_tickets(activity)!=2: result=False\n  if innercity_transport_type(activity_transports(activity))=='metro'and metro_tickets(activity_transports(activity))!=2: result=False"
    ],
    "nature_language": "[当前位置杭州,目标位置广州,旅行人数2,旅行天数5] 打算从杭州飞到广州，待五天。我和老婆两个人玩，我们想购物、吃正宗的粤菜，求推荐",
    "nature_language_en": "[Current location: Hangzhou, Destination: Guangzhou, Number of travelers: 2, Number of travel days: 5] Planning to fly from Hangzhou to Guangzhou and stay for five days. My wife and I are traveling together, and we want to shop and eat authentic Cantonese cuisine. Any recommendations?"
}