{
    "uid": "h20241029143543943871",
    "tag": "human",
    "start_city": "成都",
    "target_city": "北京",
    "days": 5,
    "people_number": 4,
    "limit_rooms": false,
    "limits_room_type": false,
    "hard_logic_py": [
        "attraction_type_set=set()\nfor activity in allactivities(plan):\n  if activity_type(activity)=='attraction': attraction_type_set.add(attraction_type(activity, target_city(plan)))\nresult=({'大学校园','文化旅游区'}<=attraction_type_set or {'大学校园','历史古迹'}<=attraction_type_set)",
        "result=(day_count(plan)==5)",
        "result=(people_count(plan)==4)",
        "result=True\nfor activity in allactivities(plan):\n  if innercity_transport_type(activity_transports(activity))=='taxi'and taxi_cars(activity_transports(activity))!=1: result=False",
        "result=True\nfor activity in allactivities(plan):\n  if activity_type(activity) in ['attraction', 'airplane', 'train'] and activity_tickets(activity)!=4: result=False\n  if innercity_transport_type(activity_transports(activity))=='metro'and metro_tickets(activity_transports(activity))!=4: result=False"
    ],
    "nature_language": "[当前位置成都,目标位置北京,旅行人数4,旅行天数5] 四个人组团去北京游玩，5天左右，想感受名校氛围，还想体验北京的历史文化，我们应该如何规划行程",
    "nature_language_en": "[Current location: Chengdu, Destination: Beijing, Number of travelers: 4, Number of travel days: 5] A group of four is planning to travel to Beijing for about 5 days. They want to experience the atmosphere of prestigious universities and explore the historical and cultural aspects of Beijing. How should we plan the itinerary?"
}