{
    "uid": "h20241029143508251643",
    "tag": "human",
    "start_city": "南京",
    "target_city": "成都",
    "days": 3,
    "people_number": 3,
    "limit_rooms": false,
    "limits_room_type": false,
    "hard_logic_py": [
        "result=(day_count(plan)==3)",
        "result=(people_count(plan)==3)",
        "result=True\nfor activity in allactivities(plan):\n  if innercity_transport_type(activity_transports(activity))=='taxi'and taxi_cars(activity_transports(activity))!=1: result=False",
        "result=True\nfor activity in allactivities(plan):\n  if activity_type(activity) in ['attraction', 'airplane', 'train'] and activity_tickets(activity)!=3: result=False\n  if innercity_transport_type(activity_transports(activity))=='metro'and metro_tickets(activity_transports(activity))!=3: result=False"
    ],
    "nature_language": "[当前位置南京,目标位置成都,旅行人数3,旅行天数3] 我想和两个朋友去成都玩3天，有什么地方适合和朋友玩",
    "nature_language_en": "[Current location: Nanjing, Destination: Chengdu, Number of travelers: 3, Number of travel days: 3] I want to go to Chengdu with two friends for 3 days. Are there any places suitable for hanging out with friends?"
}