{
    "uid": "h20241029143456235562",
    "tag": "human",
    "start_city": "北京",
    "target_city": "南京",
    "days": 1,
    "people_number": 1,
    "limit_rooms": false,
    "limits_room_type": false,
    "hard_logic_py": [
        "result=(day_count(plan)==1)",
        "result=(people_count(plan)==1)",
        "result=True\nfor activity in allactivities(plan):\n  if innercity_transport_type(activity_transports(activity))=='taxi'and taxi_cars(activity_transports(activity))!=1: result=False",
        "result=True\nfor activity in allactivities(plan):\n  if activity_type(activity) in ['attraction', 'airplane', 'train'] and activity_tickets(activity)!=1: result=False\n  if innercity_transport_type(activity_transports(activity))=='metro'and metro_tickets(activity_transports(activity))!=1: result=False"
    ],
    "nature_language": "[当前位置北京,目标位置南京,旅行人数1,旅行天数1] 我要去南京一天，帮我安排一天旅游的路线。",
    "nature_language_en": "[Current location: Beijing, Destination: Nanjing, Number of travelers: 1, Number of travel days: 1] I want to go to Nanjing for one day. Please help me arrange a one-day travel itinerary."
}