{
    "uid": "h20241029143804839319",
    "tag": "human",
    "start_city": "南京",
    "target_city": "苏州",
    "days": 2,
    "people_number": 2,
    "limit_rooms": false,
    "limits_room_type": false,
    "hard_logic_py": [
        "result=(day_count(plan)==2)",
        "result=(people_count(plan)==2)",
        "result=True\nfor activity in allactivities(plan):\n  if innercity_transport_type(activity_transports(activity))=='taxi'and taxi_cars(activity_transports(activity))!=1: result=False",
        "result=True\nfor activity in allactivities(plan):\n  if activity_type(activity) in ['attraction', 'airplane', 'train'] and activity_tickets(activity)!=2: result=False\n  if innercity_transport_type(activity_transports(activity))=='metro'and metro_tickets(activity_transports(activity))!=2: result=False"
    ],
    "nature_language": "[当前位置南京,目标位置苏州,旅行人数2,旅行天数2] 我和男朋友想从南京到苏州过周末，主要想在河边坐坐小船，感受一下水乡风情。请你为我们做个规划",
    "nature_language_en": "[Current location: Nanjing, Destination: Suzhou, Number of travelers: 2, Number of travel days: 2] My boyfriend and I want to travel from Nanjing to Suzhou for the weekend. We mainly want to take a small boat ride by the river to experience the charm of the water town. Please help us plan the trip."
}