{
    "uid": "h20241029143834377206",
    "tag": "human",
    "start_city": "广州",
    "target_city": "南京",
    "days": 1,
    "people_number": 5,
    "limit_rooms": false,
    "limits_room_type": false,
    "hard_logic_py": [
        "result=(day_count(plan)==1)",
        "result=(people_count(plan)==5)",
        "result=True\nfor activity in allactivities(plan):\n  if innercity_transport_type(activity_transports(activity))=='taxi'and taxi_cars(activity_transports(activity))!=1: result=False",
        "result=True\nfor activity in allactivities(plan):\n  if activity_type(activity) in ['attraction', 'airplane', 'train'] and activity_tickets(activity)!=5: result=False\n  if innercity_transport_type(activity_transports(activity))=='metro'and metro_tickets(activity_transports(activity))!=5: result=False"
    ],
    "nature_language": "[当前位置广州,目标位置南京,旅行人数5,旅行天数1] 我们计划不当特种兵，要相对轻松一点",
    "nature_language_en": "[Current location: Guangzhou, Destination: Nanjing, Number of travelers: 5, Travel days: 1] We plan not to be like special forces; we want it to be relatively relaxed."
}