{
    "uid": "h20241029143900796443",
    "tag": "human",
    "start_city": "北京",
    "target_city": "苏州",
    "days": 4,
    "people_number": 2,
    "limit_rooms": false,
    "limits_room_type": false,
    "hard_logic_py": [
        "intercity_transport_set=set()\nfor activity in allactivities(plan):\n  if activity_type(activity) in ['train', 'airplane']: intercity_transport_set.add(intercity_transport_type(activity))\nresult=({'train'}==intercity_transport_set)",
        "result=(day_count(plan)==4)",
        "result=(people_count(plan)==2)",
        "result=True\nfor activity in allactivities(plan):\n  if innercity_transport_type(activity_transports(activity))=='taxi'and taxi_cars(activity_transports(activity))!=1: result=False",
        "result=True\nfor activity in allactivities(plan):\n  if activity_type(activity) in ['attraction', 'airplane', 'train'] and activity_tickets(activity)!=2: result=False\n  if innercity_transport_type(activity_transports(activity))=='metro'and metro_tickets(activity_transports(activity))!=2: result=False"
    ],
    "nature_language": "[当前位置北京,目标位置苏州,旅行人数2,旅行天数4] 我想和女朋友在苏州玩四天，从北京过来，她往返都坐高铁。预算尽量低一些。请问我应当如何规划行程？",
    "nature_language_en": "[Current location: Beijing, Destination: Suzhou, Number of travelers: 2, Number of travel days: 4] I want to spend four days in Suzhou with my girlfriend, traveling from Beijing. She will take the high-speed train for both trips. I would like to keep the budget as low as possible. How should I plan the itinerary?"
}