{
    "uid": "h20241029143458760702",
    "tag": "human",
    "start_city": "南京",
    "target_city": "武汉",
    "days": 3,
    "people_number": 2,
    "limit_rooms": false,
    "limits_room_type": false,
    "hard_logic_py": [
        "attraction_type_set=set()\nfor activity in allactivities(plan):\n  if activity_type(activity)=='attraction': attraction_type_set.add(attraction_type(activity, target_city(plan)))\nresult=({'历史古迹'}<=attraction_type_set)",
        "restaurant_type_set=set()\nfor activity in allactivities(plan):\n  if activity_type(activity) in ['breakfast', 'lunch', 'dinner']: restaurant_type_set.add(restaurant_type(activity, target_city(plan)))\nresult=({'湖北菜'}<=restaurant_type_set)",
        "result=(day_count(plan)==3)",
        "result=(people_count(plan)==2)",
        "result=True\nfor activity in allactivities(plan):\n  if innercity_transport_type(activity_transports(activity))=='taxi'and taxi_cars(activity_transports(activity))!=1: result=False"
    ],
    "nature_language": "[当前位置南京,目标位置武汉,旅行人数2,旅行天数3] 我们2人想去武汉玩3天，主要想体验武汉的一些有些历史的区域，同时还想尝一尝本地人常去吃的特色美食，怎么规划行程",
    "nature_language_en": "[Current location: Nanjing, Destination: Wuhan, Number of travelers: 2, Travel days: 3] The two of us want to visit Wuhan for 3 days. We mainly want to experience some of the historical areas in Wuhan and also try the local specialty foods that residents often eat. How should we plan our itinerary?"
}