{
    "uid": "h20241029143628653733",
    "tag": "human",
    "start_city": "南京",
    "target_city": "上海",
    "days": 3,
    "people_number": 2,
    "limit_rooms": false,
    "limits_room_type": false,
    "hard_logic_py": [
        "attraction_type_set=set()\nfor activity in allactivities(plan):\n  if activity_type(activity)=='attraction': attraction_type_set.add(attraction_type(activity, target_city(plan)))\nresult=({'游乐园/体育娱乐','商业街区'}<=attraction_type_set)",
        "total_cost=0 \nfor activity in allactivities(plan):\n    total_cost+=activity_cost(activity)\n    total_cost += innercity_transport_cost(activity_transports(activity))\nresult=(total_cost<=2000)",
        "result=(day_count(plan)==3)",
        "result=(people_count(plan)==2)",
        "result=True\nfor activity in allactivities(plan):\n  if innercity_transport_type(activity_transports(activity))=='taxi'and taxi_cars(activity_transports(activity))!=1: result=False",
        "result=True\nfor activity in allactivities(plan):\n  if activity_type(activity) in ['attraction', 'airplane', 'train'] and activity_tickets(activity)!=2: result=False\n  if innercity_transport_type(activity_transports(activity))=='metro'and metro_tickets(activity_transports(activity))!=2: result=False"
    ],
    "nature_language": "[当前位置南京,目标位置上海,旅行人数2,旅行天数3] 我想从北京出发去上海游玩3天左右，本人对于乐器店感兴趣，想要多逛一些钢琴乐器店，并且去游乐园游玩，预算2000元左右。",
    "nature_language_en": "[Current location Nanjing, destination Shanghai, number of travelers 2, travel days 3] I want to travel from Beijing to Shanghai for about 3 days. I am interested in musical instrument stores and would like to visit several piano stores, as well as spend some time at an amusement park. My budget is around 2000 yuan."
}