{
    "uid": "h20241029143630351554",
    "tag": "human",
    "start_city": "成都",
    "target_city": "重庆",
    "days": 2,
    "people_number": 2,
    "limit_rooms": false,
    "limits_room_type": false,
    "hard_logic_py": [
        "attraction_type_set=set()\nfor activity in allactivities(plan):\n  if activity_type(activity)=='attraction': attraction_type_set.add(attraction_type(activity, target_city(plan)))\nresult=({'文化旅游区','历史古迹','自然风光'}<=attraction_type_set)",
        "restaurant_type_set=set()\nfor activity in allactivities(plan):\n  if activity_type(activity) in ['breakfast', 'lunch', 'dinner']: restaurant_type_set.add(restaurant_type(activity, target_city(plan)))\nresult=({'火锅'}<=restaurant_type_set)",
        "result=(day_count(plan)==2)",
        "result=(people_count(plan)==2)",
        "result=True\nfor activity in allactivities(plan):\n  if innercity_transport_type(activity_transports(activity))=='taxi'and taxi_cars(activity_transports(activity))!=1: result=False"
    ],
    "nature_language": "[当前位置成都,目标位置重庆,旅行人数2,旅行天数2] 我要和男朋友从成都出发去重庆过周末，想要吃重庆有名的好吃的火锅，再去看看历史文化或者风景名胜，最好凉快一点。请给我一个旅行规划",
    "nature_language_en": "[Current location: Chengdu, Destination: Chongqing, Number of travelers: 2, Number of travel days: 2] My boyfriend and I are planning to travel from Chengdu to Chongqing for the weekend. We want to try the famous hot pot in Chongqing and explore some historical or scenic spots, preferably somewhere cool. Please provide me with a travel itinerary."
}