{
    "uid": "h20241029143554849031",
    "tag": "human",
    "start_city": "上海",
    "target_city": "北京",
    "days": 3,
    "people_number": 1,
    "limit_rooms": false,
    "limits_room_type": false,
    "hard_logic_py": [
        "attraction_type_set=set()\nfor activity in allactivities(plan):\n  if activity_type(activity)=='attraction': attraction_type_set.add(attraction_type(activity, target_city(plan)))\nresult=({'历史古迹'}<=attraction_type_set)",
        "restaurant_type_set=set()\nfor activity in allactivities(plan):\n  if activity_type(activity) in ['breakfast', 'lunch', 'dinner']: restaurant_type_set.add(restaurant_type(activity, target_city(plan)))\nresult=({'北京菜'}<=restaurant_type_set)",
        "result=(day_count(plan)==3)",
        "result=(people_count(plan)==1)",
        "result=True\nfor activity in allactivities(plan):\n  if innercity_transport_type(activity_transports(activity))=='taxi'and taxi_cars(activity_transports(activity))!=1: result=False",
        "result=True\nfor activity in allactivities(plan):\n  if activity_type(activity) in ['attraction', 'airplane', 'train'] and activity_tickets(activity)!=1: result=False\n  if innercity_transport_type(activity_transports(activity))=='metro'and metro_tickets(activity_transports(activity))!=1: result=False"
    ],
    "nature_language": "[当前位置上海,目标位置北京,旅行人数1,旅行天数3] 我要从上海出发，到北京玩三天，希望看一些名胜古迹，吃一些当地特色，预算充分。",
    "nature_language_en": "[Current location: Shanghai, Destination: Beijing, Number of travelers: 1, Number of travel days: 3] I want to depart from Shanghai and spend three days in Beijing. I hope to see some famous landmarks and try some local specialties, with a sufficient budget."
}