{
    "uid": "h20241029143453343691",
    "tag": "human",
    "start_city": "南京",
    "target_city": "成都",
    "days": 3,
    "people_number": 2,
    "limit_rooms": false,
    "limits_room_type": false,
    "hard_logic_py": [
        "result=(day_count(plan)==3)",
        "result=(people_count(plan)==2)",
        "result=True\nfor activity in allactivities(plan):\n  if innercity_transport_type(activity_transports(activity))=='taxi'and taxi_cars(activity_transports(activity))!=1: result=False"
    ],
    "nature_language": "[当前位置南京,目标位置成都,旅行人数2,旅行天数3] 我们2人想去成都玩3天，本人对美食比较感兴趣，想在游玩成都一些热门景点的同时吃一些地道的当地苍蝇馆子，怎么规划行程",
    "nature_language_en": "[Current location: Nanjing, Destination: Chengdu, Number of travelers: 2, Number of travel days: 3] We, two people, want to visit Chengdu for 3 days. I am particularly interested in food and would like to plan an itinerary that includes visiting some popular attractions in Chengdu while also trying some authentic local \"fly restaurants.\" How should we plan our trip?"
}