{
    "uid": "h20241029143853055859",
    "tag": "human",
    "start_city": "上海",
    "target_city": "成都",
    "days": 3,
    "people_number": 1,
    "limit_rooms": false,
    "limits_room_type": false,
    "hard_logic_py": [
        "result=(day_count(plan)==3)",
        "result=(people_count(plan)==1)",
        "result=True\nfor activity in allactivities(plan):\n  if innercity_transport_type(activity_transports(activity))=='taxi'and taxi_cars(activity_transports(activity))!=1: result=False",
        "result=True\nfor activity in allactivities(plan):\n  if activity_type(activity) in ['attraction', 'airplane', 'train'] and activity_tickets(activity)!=1: result=False\n  if innercity_transport_type(activity_transports(activity))=='metro'and metro_tickets(activity_transports(activity))!=1: result=False"
    ],
    "nature_language": "[当前位置上海,目标位置成都,旅行人数1,旅行天数3] 我计划中秋假期去成都玩3天，之前没去过这个城市，想去更多当地好玩的景点，预算充足",
    "nature_language_en": "[Current location: Shanghai, Destination: Chengdu, Number of travelers: 1, Number of travel days: 3] I plan to visit Chengdu for 3 days during the Mid-Autumn Festival holiday. I haven't been to this city before and would like to explore more of the local attractions. The budget is sufficient."
}