{
    "uid": "h20241029143747397251",
    "tag": "human",
    "start_city": "重庆",
    "target_city": "南京",
    "days": 3,
    "people_number": 1,
    "limit_rooms": false,
    "limits_room_type": false,
    "hard_logic_py": [
        "attraction_type_set=set()\nfor activity in allactivities(plan):\n  if activity_type(activity)=='attraction': attraction_type_set.add(attraction_type(activity, target_city(plan)))\nresult=({'自然风光'}<=attraction_type_set)",
        "result=(day_count(plan)==3)",
        "result=(people_count(plan)==1)",
        "result=True\nfor activity in allactivities(plan):\n  if innercity_transport_type(activity_transports(activity))=='taxi'and taxi_cars(activity_transports(activity))!=1: result=False",
        "result=True\nfor activity in allactivities(plan):\n  if activity_type(activity) in ['attraction', 'airplane', 'train'] and activity_tickets(activity)!=1: result=False\n  if innercity_transport_type(activity_transports(activity))=='metro'and metro_tickets(activity_transports(activity))!=1: result=False"
    ],
    "nature_language": "[当前位置重庆,目标位置南京,旅行人数1,旅行天数3] 我想一个人去南京旅游，预算比较有限，尽可能安排便宜的出行方式和住宿。旅游路线的规划多包含一些风景景点，我想多拍点照片。",
    "nature_language_en": "[Current location: Chongqing, Destination: Nanjing, Number of travelers: 1, Travel days: 3] I want to travel to Nanjing alone with a limited budget. Please arrange the cheapest possible travel and accommodation options. The travel itinerary should include several scenic spots, as I want to take many photos."
}