{
    "uid": "h20241029143512507336",
    "tag": "human",
    "start_city": "南京",
    "target_city": "北京",
    "days": 5,
    "people_number": 2,
    "limit_rooms": false,
    "limits_room_type": false,
    "hard_logic_py": [
        "intercity_transport_set=set()\nfor activity in allactivities(plan):\n  if activity_type(activity) in ['train', 'airplane']: intercity_transport_set.add(intercity_transport_type(activity))\nresult=({'train'}==intercity_transport_set)",
        "restaurant_type_set=set()\nfor activity in allactivities(plan):\n  if activity_type(activity) in ['breakfast', 'lunch', 'dinner']: restaurant_type_set.add(restaurant_type(activity, target_city(plan)))\nresult=({'北京菜'}<=restaurant_type_set)",
        "result=(day_count(plan)==5)",
        "result=(people_count(plan)==2)",
        "result=True\nfor activity in allactivities(plan):\n  if innercity_transport_type(activity_transports(activity))=='taxi'and taxi_cars(activity_transports(activity))!=1: result=False",
        "result=True\nfor activity in allactivities(plan):\n  if activity_type(activity) in ['attraction', 'airplane', 'train'] and activity_tickets(activity)!=2: result=False\n  if innercity_transport_type(activity_transports(activity))=='metro'and metro_tickets(activity_transports(activity))!=2: result=False"
    ],
    "nature_language": "[当前位置南京,目标位置北京,旅行人数2,旅行天数5] 我现在在南京，想和朋友去北京进行一次5天的旅游，来回都坐高铁，并且希望吃到一些特色美食。",
    "nature_language_en": "[Current location: Nanjing, Destination: Beijing, Number of travelers: 2, Travel days: 5] I am currently in Nanjing and would like to go on a 5-day trip to Beijing with a friend. We plan to travel by high-speed train both ways and hope to try some local specialty foods."
}