{
    "uid": "m20241028165017072372",
    "tag": "easy",
    "start_city": "武汉",
    "target_city": "南京",
    "days": 2,
    "people_number": 1,
    "limit_rooms": false,
    "limits_room_type": false,
    "hard_logic_py": [
        "result=(day_count(plan)==2)",
        "result=(people_count(plan)==1)",
        "result=True\nfor activity in allactivities(plan):\n  if activity_type(activity) in ['attraction', 'airplane', 'train'] and activity_tickets(activity)!=1: result=False\n  if innercity_transport_type(activity_transports(activity))=='metro'and metro_tickets(activity_transports(activity))!=1: result=False",
        "accommodation_name_set=set()\nfor activity in allactivities(plan):\n  if activity_type(activity)=='accommodation': accommodation_name_set.add(activity_position(activity))\nresult=({'花筑·僖堂民宿(南京夫子庙老门东店)'}<=accommodation_name_set)",
        "result=True\nfor activity in allactivities(plan):\n  if innercity_transport_type(activity_transports(activity))=='taxi'and taxi_cars(activity_transports(activity))!=1: result=False"
    ],
    "nature_language": "我目前在武汉，计划独自前往南京游玩两天，酒店选择南京夫子庙老门东附近的花筑·僖堂民宿，请帮我制定一个旅行计划。",
    "nature_language_en": "Sure! Here is the translation of your request into English:"
}