{
    "uid": "m20241028164905266860",
    "tag": "easy",
    "start_city": "深圳",
    "target_city": "南京",
    "days": 2,
    "people_number": 2,
    "limit_rooms": false,
    "limits_room_type": false,
    "hard_logic_py": [
        "result=(day_count(plan)==2)",
        "result=(people_count(plan)==2)",
        "result=True\nfor activity in allactivities(plan):\n  if activity_type(activity) in ['attraction', 'airplane', 'train'] and activity_tickets(activity)!=2: result=False\n  if innercity_transport_type(activity_transports(activity))=='metro'and metro_tickets(activity_transports(activity))!=2: result=False",
        "restaurant_name_set=set()\nfor activity in allactivities(plan):\n  if activity_type(activity) in ['breakfast', 'lunch', 'dinner']: restaurant_name_set.add(activity_position(activity))\nresult=({'小酒小肉烤串店(新街口店)'}<=restaurant_name_set)",
        "result=True\nfor activity in allactivities(plan):\n  if innercity_transport_type(activity_transports(activity))=='taxi'and taxi_cars(activity_transports(activity))!=1: result=False"
    ],
    "nature_language": "当前位置深圳。我和朋友两个人想去南京玩2天，想吃新街口附近的小酒小肉烤串店，请给我们一个旅行规划。",
    "nature_language_en": "Current location: Shenzhen. My friend and I want to visit Nanjing for 2 days. We would like to eat at a small barbecue skewer restaurant near Xinjiekou. Please provide us with a travel plan."
}