{
    "uid": "m20241028164911083678",
    "tag": "easy",
    "start_city": "南京",
    "target_city": "北京",
    "days": 2,
    "people_number": 3,
    "limit_rooms": false,
    "limits_room_type": false,
    "hard_logic_py": [
        "result=(day_count(plan)==2)",
        "result=(people_count(plan)==3)",
        "result=True\nfor activity in allactivities(plan):\n  if activity_type(activity) in ['attraction', 'airplane', 'train'] and activity_tickets(activity)!=3: result=False\n  if innercity_transport_type(activity_transports(activity))=='metro'and metro_tickets(activity_transports(activity))!=3: result=False",
        "restaurant_name_set=set()\nfor activity in allactivities(plan):\n  if activity_type(activity) in ['breakfast', 'lunch', 'dinner']: restaurant_name_set.add(activity_position(activity))\nresult=({'四季民福(前门店)'}<=restaurant_name_set)",
        "result=True\nfor activity in allactivities(plan):\n  if innercity_transport_type(activity_transports(activity))=='taxi'and taxi_cars(activity_transports(activity))!=1: result=False"
    ],
    "nature_language": "当前位置南京。我们三个人想去北京玩2天，想吃前门附近的四季民福，请给我们一个旅行规划。",
    "nature_language_en": "Current location: Nanjing. The three of us want to visit Beijing for 2 days and would like to eat at Siji Minfu near Qianmen. Please provide us with a travel plan."
}