{
    "uid": "m20241028164900386638",
    "tag": "easy",
    "start_city": "武汉",
    "target_city": "重庆",
    "days": 2,
    "people_number": 2,
    "limit_rooms": false,
    "limits_room_type": false,
    "hard_logic_py": [
        "result=(day_count(plan)==2)",
        "result=(people_count(plan)==2)",
        "result=True\nfor activity in allactivities(plan):\n  if activity_type(activity) in ['attraction', 'airplane', 'train'] and activity_tickets(activity)!=2: result=False\n  if innercity_transport_type(activity_transports(activity))=='metro'and metro_tickets(activity_transports(activity))!=2: result=False",
        "attraction_name_set=set()\nfor activity in allactivities(plan):\n  if activity_type(activity)=='attraction': attraction_name_set.add(activity_position(activity))\nresult=({'重庆融创渝乐小镇'}<=attraction_name_set)",
        "result=True\nfor activity in allactivities(plan):\n  if innercity_transport_type(activity_transports(activity))=='taxi'and taxi_cars(activity_transports(activity))!=1: result=False"
    ],
    "nature_language": "当前位置武汉。我和朋友两个人想去重庆玩2天，想去重庆融创渝乐小镇，请给我们一个旅行规划。",
    "nature_language_en": "Current location: Wuhan. My friend and I want to visit Chongqing for 2 days and we would like to go to Chongqing Sunac Land. Could you please provide us with a travel plan?"
}