{
    "uid": "m20241028164916356794",
    "tag": "easy",
    "start_city": "北京",
    "target_city": "上海",
    "days": 3,
    "people_number": 4,
    "limit_rooms": false,
    "limits_room_type": false,
    "hard_logic_py": [
        "result=(day_count(plan)==3)",
        "result=(people_count(plan)==4)",
        "result=True\nfor activity in allactivities(plan):\n  if activity_type(activity) in ['attraction', 'airplane', 'train'] and activity_tickets(activity)!=4: result=False\n  if innercity_transport_type(activity_transports(activity))=='metro'and metro_tickets(activity_transports(activity))!=4: result=False",
        "restaurant_name_set=set()\nfor activity in allactivities(plan):\n  if activity_type(activity) in ['breakfast', 'lunch', 'dinner']: restaurant_name_set.add(activity_position(activity))\nresult=({'上海宝格丽酒店·宝丽轩中餐厅'}<=restaurant_name_set)",
        "result=True\nfor activity in allactivities(plan):\n  if innercity_transport_type(activity_transports(activity))=='taxi'and taxi_cars(activity_transports(activity))!=1: result=False"
    ],
    "nature_language": "当前位置北京。我们四个人想去上海玩3天，想吃上海宝格丽酒店·宝丽轩中餐厅，请给我们一个旅行规划。",
    "nature_language_en": "Current location: Beijing. Four of us want to visit Shanghai for three days and dine at the Bao Li Xuan Chinese restaurant in the Bulgari Hotel Shanghai. Please provide us with a travel plan."
}