{
    "uid": "m20241028164741002971",
    "tag": "easy",
    "start_city": "上海",
    "target_city": "广州",
    "days": 3,
    "people_number": 4,
    "limit_rooms": false,
    "limits_room_type": false,
    "hard_logic_py": [
        "result=(day_count(plan)==3)",
        "result=(people_count(plan)==4)",
        "result=True\nfor activity in allactivities(plan):\n  if activity_type(activity) in ['attraction', 'airplane', 'train'] and activity_tickets(activity)!=4: result=False\n  if innercity_transport_type(activity_transports(activity))=='metro'and metro_tickets(activity_transports(activity))!=4: result=False",
        "restaurant_type_set=set()\nfor activity in allactivities(plan):\n  if activity_type(activity) in ['breakfast', 'lunch', 'dinner']: restaurant_type_set.add(restaurant_type(activity, target_city(plan)))\nresult=({'东北菜'}<=restaurant_type_set)",
        "result=True\nfor activity in allactivities(plan):\n  if innercity_transport_type(activity_transports(activity))=='taxi'and taxi_cars(activity_transports(activity))!=1: result=False"
    ],
    "nature_language": "当前位置上海。我们四个人想去广州玩3天，想尝试一下东北菜，请给我们一个旅行规划。",
    "nature_language_en": "Current location: Shanghai. Four of us want to visit Guangzhou for 3 days and would like to try some Northeastern Chinese cuisine. Please provide us with a travel plan."
}