{
    "uid": "m20241028164634741822",
    "tag": "easy",
    "start_city": "北京",
    "target_city": "重庆",
    "days": 2,
    "people_number": 2,
    "limit_rooms": false,
    "limits_room_type": false,
    "hard_logic_py": [
        "result=(day_count(plan)==2)",
        "result=(people_count(plan)==2)",
        "result=True\nfor activity in allactivities(plan):\n  if activity_type(activity) in ['attraction', 'airplane', 'train'] and activity_tickets(activity)!=2: result=False\n  if innercity_transport_type(activity_transports(activity))=='metro'and metro_tickets(activity_transports(activity))!=2: result=False",
        "attraction_type_set=set()\nfor activity in allactivities(plan):\n  if activity_type(activity)=='attraction': attraction_type_set.add(attraction_type(activity, target_city(plan)))\nresult=({'文化旅游区'}<=attraction_type_set)",
        "result=True\nfor activity in allactivities(plan):\n  if innercity_transport_type(activity_transports(activity))=='taxi'and taxi_cars(activity_transports(activity))!=1: result=False"
    ],
    "nature_language": "当前位置北京。我和朋友两个人想去重庆玩2天，想去有文化氛围的旅游景点，请给我们一个旅行规划。",
    "nature_language_en": "Current location: Beijing. My friend and I want to visit Chongqing for 2 days. We are interested in cultural attractions. Could you please provide us with a travel itinerary?"
}