{
    "uid": "m20241028164944055132",
    "tag": "easy",
    "start_city": "南京",
    "target_city": "重庆",
    "days": 2,
    "people_number": 3,
    "limit_rooms": false,
    "limits_room_type": false,
    "hard_logic_py": [
        "result=(day_count(plan)==2)",
        "result=(people_count(plan)==3)",
        "result=True\nfor activity in allactivities(plan):\n  if activity_type(activity) in ['attraction', 'airplane', 'train'] and activity_tickets(activity)!=3: result=False\n  if innercity_transport_type(activity_transports(activity))=='metro'and metro_tickets(activity_transports(activity))!=3: result=False",
        "restaurant_name_set=set()\nfor activity in allactivities(plan):\n  if activity_type(activity) in ['breakfast', 'lunch', 'dinner']: restaurant_name_set.add(activity_position(activity))\nresult=({'锅碗瓢盆·重庆本土菜(解放碑店)'}<=restaurant_name_set)",
        "result=True\nfor activity in allactivities(plan):\n  if innercity_transport_type(activity_transports(activity))=='taxi'and taxi_cars(activity_transports(activity))!=1: result=False"
    ],
    "nature_language": "当前位置南京。我们三个人想去重庆玩2天，想吃解放碑附近的锅碗瓢盆·重庆本土菜，请给我们一个旅行规划。",
    "nature_language_en": "Current location: Nanjing. The three of us want to visit Chongqing for 2 days and would like to eat at Guo Wan Piao Pen·Chongqing Local Cuisine near Jiefangbei. Please provide us with a travel plan."
}