{
    "uid": "m20241028165013851142",
    "tag": "easy",
    "start_city": "武汉",
    "target_city": "南京",
    "days": 2,
    "people_number": 2,
    "limit_rooms": false,
    "limits_room_type": false,
    "hard_logic_py": [
        "result=(day_count(plan)==2)",
        "result=(people_count(plan)==2)",
        "result=True\nfor activity in allactivities(plan):\n  if activity_type(activity) in ['attraction', 'airplane', 'train'] and activity_tickets(activity)!=2: result=False\n  if innercity_transport_type(activity_transports(activity))=='metro'and metro_tickets(activity_transports(activity))!=2: result=False",
        "accommodation_name_set=set()\nfor activity in allactivities(plan):\n  if activity_type(activity)=='accommodation': accommodation_name_set.add(activity_position(activity))\nresult=({'清沐精选酒店(南京玄武湖鼓楼地铁站店)'}<=accommodation_name_set)",
        "result=True\nfor activity in allactivities(plan):\n  if innercity_transport_type(activity_transports(activity))=='taxi'and taxi_cars(activity_transports(activity))!=1: result=False"
    ],
    "nature_language": "我目前在武汉，计划和我的朋友一起去南京玩两天。并且希望住在鼓楼地铁站的清沐精选酒店。请帮我们制定一个旅行计划。",
    "nature_language_en": "Sure, here is the translation of your text into English:"
}