{
    "uid": "m20241028165009070086",
    "tag": "easy",
    "start_city": "北京",
    "target_city": "深圳",
    "days": 2,
    "people_number": 1,
    "limit_rooms": false,
    "limits_room_type": false,
    "hard_logic_py": [
        "result=(day_count(plan)==2)",
        "result=(people_count(plan)==1)",
        "result=True\nfor activity in allactivities(plan):\n  if activity_type(activity) in ['attraction', 'airplane', 'train'] and activity_tickets(activity)!=1: result=False\n  if innercity_transport_type(activity_transports(activity))=='metro'and metro_tickets(activity_transports(activity))!=1: result=False",
        "accommodation_name_set=set()\nfor activity in allactivities(plan):\n  if activity_type(activity)=='accommodation': accommodation_name_set.add(activity_position(activity))\nresult=({'丽呈東谷酒店(深圳华强北店)'}<=accommodation_name_set)",
        "result=True\nfor activity in allactivities(plan):\n  if innercity_transport_type(activity_transports(activity))=='taxi'and taxi_cars(activity_transports(activity))!=1: result=False"
    ],
    "nature_language": "当前位置北京。我一个人想去深圳玩2天，住丽呈東谷酒店(深圳华强北店)，请给我一个旅行规划。",
    "nature_language_en": "Current location: Beijing. I want to travel alone to Shenzhen for 2 days and stay at the Rezen Dong Hotel (Shenzhen Huaqiangbei). Please provide me with a travel plan."
}