{
    "uid": "m20241028164853608114",
    "tag": "easy",
    "start_city": "杭州",
    "target_city": "上海",
    "days": 2,
    "people_number": 4,
    "limit_rooms": false,
    "limits_room_type": false,
    "hard_logic_py": [
        "result=(day_count(plan)==2)",
        "result=(people_count(plan)==4)",
        "result=True\nfor activity in allactivities(plan):\n  if activity_type(activity) in ['attraction', 'airplane', 'train'] and activity_tickets(activity)!=4: result=False\n  if innercity_transport_type(activity_transports(activity))=='metro'and metro_tickets(activity_transports(activity))!=4: result=False",
        "attraction_name_set=set()\nfor activity in allactivities(plan):\n  if activity_type(activity)=='attraction': attraction_name_set.add(activity_position(activity))\nresult=({'黄浦江游览（金陵东路码头）'}<=attraction_name_set)",
        "result=True\nfor activity in allactivities(plan):\n  if innercity_transport_type(activity_transports(activity))=='taxi'and taxi_cars(activity_transports(activity))!=1: result=False"
    ],
    "nature_language": "当前位置杭州。我们四个人想去上海玩2天，想去黄浦江，请给我们一个旅行规划。",
    "nature_language_en": "Current location: Hangzhou. Four of us want to visit Shanghai for 2 days and would like to go to the Huangpu River. Please provide us with a travel plan."
}