{
    "uid": "m20241028164947135130",
    "tag": "easy",
    "start_city": "上海",
    "target_city": "广州",
    "days": 3,
    "people_number": 3,
    "limit_rooms": false,
    "limits_room_type": false,
    "hard_logic_py": [
        "result=(day_count(plan)==3)",
        "result=(people_count(plan)==3)",
        "result=True\nfor activity in allactivities(plan):\n  if activity_type(activity) in ['attraction', 'airplane', 'train'] and activity_tickets(activity)!=3: result=False\n  if innercity_transport_type(activity_transports(activity))=='metro'and metro_tickets(activity_transports(activity))!=3: result=False",
        "accommodation_name_set=set()\nfor activity in allactivities(plan):\n  if activity_type(activity)=='accommodation': accommodation_name_set.add(activity_position(activity))\nresult=({'雅致酒店(珠江新城广州塔店)'}<=accommodation_name_set)",
        "result=True\nfor activity in allactivities(plan):\n  if innercity_transport_type(activity_transports(activity))=='taxi'and taxi_cars(activity_transports(activity))!=1: result=False"
    ],
    "nature_language": "当前位置上海。我们三个人想去广州玩3天，住雅致酒店，在珠江新城广州塔附近，请给我们一个旅行规划。",
    "nature_language_en": "Current location: Shanghai. The three of us want to visit Guangzhou for 3 days and stay at the Elegant Hotel near the Canton Tower in Zhujiang New Town. Please provide us with a travel itinerary."
}