{
    "uid": "m20241028164628833631",
    "tag": "easy",
    "start_city": "武汉",
    "target_city": "成都",
    "days": 2,
    "people_number": 2,
    "limit_rooms": false,
    "limits_room_type": false,
    "hard_logic_py": [
        "result=(day_count(plan)==2)",
        "result=(people_count(plan)==2)",
        "result=True\nfor activity in allactivities(plan):\n  if activity_type(activity) in ['attraction', 'airplane', 'train'] and activity_tickets(activity)!=2: result=False\n  if innercity_transport_type(activity_transports(activity))=='metro'and metro_tickets(activity_transports(activity))!=2: result=False",
        "attraction_type_set=set()\nfor activity in allactivities(plan):\n  if activity_type(activity)=='attraction': attraction_type_set.add(attraction_type(activity, target_city(plan)))\nresult=({'大学校园'}<=attraction_type_set)",
        "result=True\nfor activity in allactivities(plan):\n  if innercity_transport_type(activity_transports(activity))=='taxi'and taxi_cars(activity_transports(activity))!=1: result=False"
    ],
    "nature_language": "当前位置武汉。我和朋友两个人想去成都玩2天，想去当地的大学校园看看，请给我们一个旅行规划。",
    "nature_language_en": "Current location: Wuhan. My friend and I want to visit Chengdu for 2 days. We would like to visit some local university campuses. Could you please provide us with a travel plan?"
}