{
    "uid": "t20241206172139971351",
    "tag": "easy",
    "start_city": "南京",
    "target_city": "广州",
    "days": 2,
    "people_number": 2,
    "limit_rooms": false,
    "limits_room_type": false,
    "hard_logic_py": [
        "result=(day_count(plan)==2)",
        "result=(people_count(plan)==2)",
        "result=True\nfor activity in allactivities(plan):\n  if activity_type(activity) in ['attraction', 'airplane', 'train'] and activity_tickets(activity)!=2: result=False\n  if innercity_transport_type(activity_transports(activity))=='metro'and metro_tickets(activity_transports(activity))!=2: result=False",
        "result=True\nfor activity in allactivities(plan):\n  if innercity_transport_type(activity_transports(activity))=='taxi'and taxi_cars(activity_transports(activity))!=1: result=False",
        "innercity_transport_set=set()\nfor activity in allactivities(plan):\n  if activity_transports(activity)!=[]: innercity_transport_set.add(innercity_transport_type(activity_transports(activity)))\nresult=(innercity_transport_set<={'taxi'})"
    ],
    "nature_language": "当前位置南京。我们两个人计划去广州玩两天，选择出租车作为市内交通。请给我一个旅行规划。",
    "nature_language_en": "Current location: Nanjing. Two of us are planning to visit Guangzhou for two days, choosing the taxi as our mode of transportation within the city. Please provide me with a travel plan."
}