{
    "uid": "t20241206211714066466",
    "tag": "easy",
    "start_city": "广州",
    "target_city": "杭州",
    "days": 3,
    "people_number": 3,
    "limit_rooms": false,
    "limits_room_type": false,
    "hard_logic_py": [
        "result=(day_count(plan)==3)",
        "result=(people_count(plan)==3)",
        "intercity_transport_set=set()\nfor activity in allactivities(plan):\n  if activity_type(activity) in ['train', 'airplane']: intercity_transport_set.add(intercity_transport_type(activity))\nresult=({'airplane'}==intercity_transport_set)",
        "result=True\nfor activity in allactivities(plan):\n  if activity_type(activity) in ['attraction', 'airplane', 'train'] and activity_tickets(activity)!=3: result=False\n  if innercity_transport_type(activity_transports(activity))=='metro'and metro_tickets(activity_transports(activity))!=3: result=False",
        "result=True\nfor activity in allactivities(plan):\n  if innercity_transport_type(activity_transports(activity))=='taxi'and taxi_cars(activity_transports(activity))!=1: result=False"
    ],
    "nature_language": "当前位置广州。我和两个朋友计划去杭州玩三天，选择飞机出行。请给我一个旅行规划。",
    "nature_language_en": "Current location: Guangzhou. My two friends and I are planning to visit Hangzhou for three days. We have chosen to travel by plane. Please provide me with a travel itinerary."
}