{
    "uid": "t20241206211714064780",
    "tag": "easy",
    "start_city": "广州",
    "target_city": "深圳",
    "days": 3,
    "people_number": 2,
    "limit_rooms": false,
    "limits_room_type": false,
    "hard_logic_py": [
        "result=(day_count(plan)==3)",
        "result=(people_count(plan)==2)",
        "result=True\nfor activity in allactivities(plan):\n  if activity_type(activity) in ['attraction', 'airplane', 'train'] and activity_tickets(activity)!=2: result=False\n  if innercity_transport_type(activity_transports(activity))=='metro'and metro_tickets(activity_transports(activity))!=2: result=False",
        "result=True\nfor activity in allactivities(plan):\n  if innercity_transport_type(activity_transports(activity))=='taxi'and taxi_cars(activity_transports(activity))!=1: result=False",
        "innercity_transport_set=set()\nfor activity in allactivities(plan):\n  if activity_transports(activity)!=[]: innercity_transport_set.add(innercity_transport_type(activity_transports(activity)))\nresult=(innercity_transport_set<={'taxi'})"
    ],
    "nature_language": "当前位置广州。我和朋友计划去深圳玩三天，市内打车。请给我一个旅行规划。",
    "nature_language_en": "Current location: Guangzhou. My friend and I are planning to visit Shenzhen for three days. We have chosen to travel by subway in target city. Please provide me with a travel itinerary."
}