{
    "start_city": "苏州",
    "target_city": "成都",
    "hard_logic": [
        "days==1",
        "people_number==1",
        "cost<=1500",
        "tickets==1"
    ],
    "hard_logic_py": [
        "result=(day_count(plan)==1)",
        "result=(people_count(plan)==1)",
        "total_cost=0 \nfor activity in allactivities(plan):\n    total_cost+=activity_cost(activity)\n    total_cost += innercity_transport_cost(activity_transports(activity))\nresult=(total_cost<=1500)",
        "result=True\nfor activity in allactivities(plan):\n  if activity_type(activity) in ['attraction', 'airplane', 'train'] and activity_tickets(activity)!=1: result=False\n  if innercity_transport_type(activity_transports(activity))=='metro'and metro_tickets(activity_transports(activity))!=1: result=False",
        "result=True\nfor activity in allactivities(plan):\n  if innercity_transport_type(activity_transports(activity))=='taxi'and taxi_cars(activity_transports(activity))!=1: result=False"
    ],
    "tag": "easy",
    "uid": "e20241028160419949225",
    "nature_language": "当前位置苏州。我一个人想去成都玩一天，预算1500人民币，请给我一个旅行规划。",
    "nature_language_en": "Current location: Suzhou. I want to travel alone to Chengdu for a day with a budget of 1500 RMB. Please provide me with a travel plan.",
    "days": 1,
    "people_number": 1,
    "hard_logic_nl": [
        "旅行天数为1",
        "旅行人数为1",
        "总预算为1500元",
        "门票或车票数为1",
        "出租车数为1"
    ]
}