{
    "start_city": "重庆",
    "target_city": "苏州",
    "hard_logic": [
        "days==3",
        "people_number==2",
        "tickets==2",
        "rooms==1",
        "room_type==1",
        "{'儿童乐园'}<=hotel_feature"
    ],
    "hard_logic_py": [
        "result=(day_count(plan)==3)",
        "result=(people_count(plan)==2)",
        "result=True\nfor activity in allactivities(plan):\n  if activity_type(activity) in ['attraction', 'airplane', 'train'] and activity_tickets(activity)!=2: result=False\n  if innercity_transport_type(activity_transports(activity))=='metro'and metro_tickets(activity_transports(activity))!=2: result=False",
        "result=True\nfor activity in allactivities(plan):\n  if activity_type(activity)=='accommodation' and room_count(activity)!=1: result=False",
        "result=True\nfor activity in allactivities(plan):\n  if activity_type(activity)=='accommodation' and room_type(activity)!=1: result=False",
        "accommodation_type_set=set()\nfor activity in allactivities(plan):\n  if activity_type(activity) == 'accommodation': accommodation_type_set.add(accommodation_type(activity, target_city(plan)))\nresult=({'儿童乐园'}<=accommodation_type_set)",
        "result=True\nfor activity in allactivities(plan):\n  if innercity_transport_type(activity_transports(activity))=='taxi'and taxi_cars(activity_transports(activity))!=1: result=False"
    ],
    "tag": "hotel",
    "uid": "h20241204223651527057",
    "nature_language": "当前位置重庆。我带我孩子想去苏州玩3天，住一间大床房，酒店要有儿童乐园，请给我一个旅行规划。",
    "nature_language_en": "Current location: Chongqing. I want to take my child to Suzhou for 3 days and stay in a big bed room. The hotel has a children's playground. Please give me a travel plan.",
    "days": 3,
    "people_number": 2,
    "hard_logic_nl": [
        "旅行天数为3",
        "旅行人数为2",
        "门票或车票数为2",
        "开1间房",
        "住大床房",
        "住宿为以下指定类型或有相关服务: 儿童乐园",
        "出租车数为1"
    ]
}