{
    "start_city": "武汉",
    "target_city": "杭州",
    "hard_logic": [
        "days==3",
        "people_number==3",
        "tickets==3",
        "{'樨香(平安悦坊店)'} <= restaurant_names"
    ],
    "hard_logic_py": [
        "result=(day_count(plan)==3)",
        "result=(people_count(plan)==3)",
        "result=True\nfor activity in allactivities(plan):\n  if activity_type(activity) in ['attraction', 'airplane', 'train'] and activity_tickets(activity)!=3: result=False\n  if innercity_transport_type(activity_transports(activity))=='metro'and metro_tickets(activity_transports(activity))!=3: result=False",
        "restaurant_name_set=set()\nfor activity in allactivities(plan):\n  if activity_type(activity) in ['breakfast', 'lunch', 'dinner']: restaurant_name_set.add(activity_position(activity))\nresult=({'樨香(平安悦坊店)'}<=restaurant_name_set)",
        "result=True\nfor activity in allactivities(plan):\n  if innercity_transport_type(activity_transports(activity))=='taxi'and taxi_cars(activity_transports(activity))!=1: result=False"
    ],
    "tag": "medium",
    "uid": "m20241028164933359426",
    "nature_language": "当前位置武汉。我们三个人想去杭州玩3天，想吃平安悦坊附近的樨香，请给我们一个旅行规划。",
    "nature_language_en": "Current location: Wuhan. The three of us want to visit Hangzhou for 3 days and would like to eat at Xixiang near Ping'an Yuefang. Please provide us with a travel plan.",
    "days": 3,
    "people_number": 3,
    "hard_logic_nl": [
        "旅行天数为3",
        "旅行人数为3",
        "门票或车票数为3",
        "想去樨香(平安悦坊店)就餐",
        "出租车数为1"
    ]
}