{
    "start_city": "北京",
    "target_city": "南京",
    "hard_logic": [
        "days==3",
        "people_number==4",
        "tickets==4",
        "{'金牛湖野生动物王国'}<=attraction_names"
    ],
    "hard_logic_py": [
        "result=(day_count(plan)==3)",
        "result=(people_count(plan)==4)",
        "result=True\nfor activity in allactivities(plan):\n  if activity_type(activity) in ['attraction', 'airplane', 'train'] and activity_tickets(activity)!=4: result=False\n  if innercity_transport_type(activity_transports(activity))=='metro'and metro_tickets(activity_transports(activity))!=4: result=False",
        "attraction_name_set=set()\nfor activity in allactivities(plan):\n  if activity_type(activity)=='attraction': attraction_name_set.add(activity_position(activity))\nresult=({'金牛湖野生动物王国'}<=attraction_name_set)",
        "result=True\nfor activity in allactivities(plan):\n  if innercity_transport_type(activity_transports(activity))=='taxi'and taxi_cars(activity_transports(activity))!=1: result=False"
    ],
    "tag": "medium",
    "uid": "m20241028164837927103",
    "nature_language": "当前位置北京。我们四个人想去南京玩3天，想去金牛湖野生动物园，请给我们一个旅行规划。",
    "nature_language_en": "Current location: Beijing. Four of us want to visit Nanjing for 3 days and we would like to go to Jinhu Lake Wildlife Park. Please provide us with a travel plan.",
    "days": 3,
    "people_number": 4,
    "hard_logic_nl": [
        "旅行天数为3",
        "旅行人数为4",
        "门票或车票数为4",
        "想参观的景点为金牛湖野生动物王国",
        "出租车数为1"
    ]
}