{
    "start_city": "广州",
    "target_city": "成都",
    "hard_logic": [
        "days==3",
        "people_number==1",
        "tickets==1",
        "{'成都中航明宇尚雅酒店'}<=hotel_names"
    ],
    "hard_logic_py": [
        "result=(day_count(plan)==3)",
        "result=(people_count(plan)==1)",
        "result=True\nfor activity in allactivities(plan):\n  if activity_type(activity) in ['attraction', 'airplane', 'train'] and activity_tickets(activity)!=1: result=False\n  if innercity_transport_type(activity_transports(activity))=='metro'and metro_tickets(activity_transports(activity))!=1: result=False",
        "accommodation_name_set=set()\nfor activity in allactivities(plan):\n  if activity_type(activity)=='accommodation': accommodation_name_set.add(activity_position(activity))\nresult=({'成都中航明宇尚雅酒店'}<=accommodation_name_set)",
        "result=True\nfor activity in allactivities(plan):\n  if innercity_transport_type(activity_transports(activity))=='taxi'and taxi_cars(activity_transports(activity))!=1: result=False"
    ],
    "tag": "medium",
    "uid": "m20241028164958125795",
    "nature_language": "我目前在广州，计划独自前往成都游玩三天。并希望入住成都中航明宇尚雅酒店。请为我制定一个旅行计划。",
    "nature_language_en": "Sure, here is the translation of your request into English:",
    "days": 3,
    "people_number": 1,
    "hard_logic_nl": [
        "旅行天数为3",
        "旅行人数为1",
        "门票或车票数为1",
        "住宿地点为成都中航明宇尚雅酒店",
        "出租车数为1"
    ]
}