{
    "start_city": "杭州",
    "target_city": "深圳",
    "hard_logic": [
        "days==3",
        "people_number==4",
        "tickets==4",
        "{'东南亚菜'} <= food_type"
    ],
    "hard_logic_py": [
        "result=(day_count(plan)==3)",
        "result=(people_count(plan)==4)",
        "result=True\nfor activity in allactivities(plan):\n  if activity_type(activity) in ['attraction', 'airplane', 'train'] and activity_tickets(activity)!=4: result=False\n  if innercity_transport_type(activity_transports(activity))=='metro'and metro_tickets(activity_transports(activity))!=4: result=False",
        "restaurant_type_set=set()\nfor activity in allactivities(plan):\n  if activity_type(activity) in ['breakfast', 'lunch', 'dinner']: restaurant_type_set.add(restaurant_type(activity, target_city(plan)))\nresult=({'东南亚菜'}<=restaurant_type_set)",
        "result=True\nfor activity in allactivities(plan):\n  if innercity_transport_type(activity_transports(activity))=='taxi'and taxi_cars(activity_transports(activity))!=1: result=False"
    ],
    "tag": "medium",
    "uid": "m20241028164652533992",
    "nature_language": "当前位置杭州。我们四个人想去深圳玩3天，想尝试新东西，比如东南亚菜，请给我们一个旅行规划。",
    "nature_language_en": "Current location: Hangzhou. Four of us want to go to Shenzhen for a 3-day trip and try new things, such as Southeast Asian cuisine. Please provide us with a travel plan.",
    "days": 3,
    "people_number": 4,
    "hard_logic_nl": [
        "旅行天数为3",
        "旅行人数为4",
        "门票或车票数为4",
        "想品尝东南亚菜",
        "出租车数为1"
    ]
}