{
    "start_city": "重庆",
    "target_city": "南京",
    "hard_logic": [
        "days==3",
        "people_number==4",
        "tickets==4",
        "{'江浙菜'} <= food_type"
    ],
    "hard_logic_py": [
        "result=(day_count(plan)==3)",
        "result=(people_count(plan)==4)",
        "result=True\nfor activity in allactivities(plan):\n  if activity_type(activity) in ['attraction', 'airplane', 'train'] and activity_tickets(activity)!=4: result=False\n  if innercity_transport_type(activity_transports(activity))=='metro'and metro_tickets(activity_transports(activity))!=4: result=False",
        "restaurant_type_set=set()\nfor activity in allactivities(plan):\n  if activity_type(activity) in ['breakfast', 'lunch', 'dinner']: restaurant_type_set.add(restaurant_type(activity, target_city(plan)))\nresult=({'江浙菜'}<=restaurant_type_set)",
        "result=True\nfor activity in allactivities(plan):\n  if innercity_transport_type(activity_transports(activity))=='taxi'and taxi_cars(activity_transports(activity))!=1: result=False"
    ],
    "tag": "medium",
    "uid": "m20241028164727691681",
    "nature_language": "当前位置重庆。我们四个人想去南京玩3天，想品尝当地的江浙菜，请给我们一个旅行规划。",
    "nature_language_en": "Current location: Chongqing. Four of us want to visit Nanjing for 3 days and would like to try some local Jiangsu and Zhejiang cuisine. Please provide us with a travel plan.",
    "days": 3,
    "people_number": 4,
    "hard_logic_nl": [
        "旅行天数为3",
        "旅行人数为4",
        "门票或车票数为4",
        "想品尝江浙菜",
        "出租车数为1"
    ]
}