{
    "start_city": "重庆",
    "target_city": "成都",
    "hard_logic": [
        "days==3",
        "people_number==2",
        "tickets==2",
        "{'璞丽精品酒店(成都中铁产业园凤凰山体育公园店)'}<=hotel_names"
    ],
    "hard_logic_py": [
        "result=(day_count(plan)==3)",
        "result=(people_count(plan)==2)",
        "result=True\nfor activity in allactivities(plan):\n  if activity_type(activity) in ['attraction', 'airplane', 'train'] and activity_tickets(activity)!=2: result=False\n  if innercity_transport_type(activity_transports(activity))=='metro'and metro_tickets(activity_transports(activity))!=2: result=False",
        "accommodation_name_set=set()\nfor activity in allactivities(plan):\n  if activity_type(activity)=='accommodation': accommodation_name_set.add(activity_position(activity))\nresult=({'璞丽精品酒店(成都中铁产业园凤凰山体育公园店)'}<=accommodation_name_set)",
        "result=True\nfor activity in allactivities(plan):\n  if innercity_transport_type(activity_transports(activity))=='taxi'and taxi_cars(activity_transports(activity))!=1: result=False"
    ],
    "tag": "medium",
    "uid": "m20241028164959927007",
    "nature_language": "我目前在重庆，计划和我的朋友一起去成都旅行3天。并且希望住在璞丽精品酒店(成都中铁产业园凤凰山体育公园店)。请为我们制定一个旅行计划。",
    "nature_language_en": "Sure, here is the translation of your text into English:",
    "days": 3,
    "people_number": 2,
    "hard_logic_nl": [
        "旅行天数为3",
        "旅行人数为2",
        "门票或车票数为2",
        "住宿地点为璞丽精品酒店(成都中铁产业园凤凰山体育公园店)",
        "出租车数为1"
    ]
}