{
    "start_city": "北京",
    "target_city": "深圳",
    "hard_logic": [
        "days==3",
        "people_number==2",
        "tickets==2",
        "{'利宝阁(嘉里店)'} <= restaurant_names"
    ],
    "hard_logic_py": [
        "result=(day_count(plan)==3)",
        "result=(people_count(plan)==2)",
        "result=True\nfor activity in allactivities(plan):\n  if activity_type(activity) in ['attraction', 'airplane', 'train'] and activity_tickets(activity)!=2: result=False\n  if innercity_transport_type(activity_transports(activity))=='metro'and metro_tickets(activity_transports(activity))!=2: result=False",
        "restaurant_name_set=set()\nfor activity in allactivities(plan):\n  if activity_type(activity) in ['breakfast', 'lunch', 'dinner']: restaurant_name_set.add(activity_position(activity))\nresult=({'利宝阁(嘉里店)'}<=restaurant_name_set)",
        "result=True\nfor activity in allactivities(plan):\n  if innercity_transport_type(activity_transports(activity))=='taxi'and taxi_cars(activity_transports(activity))!=1: result=False"
    ],
    "tag": "medium",
    "uid": "m20241028164942477698",
    "nature_language": "当前位置北京。我和朋友两个人想去深圳玩3天，想吃嘉里的利宝阁，请给我们一个旅行规划。",
    "nature_language_en": "Current location: Beijing. My friend and I want to visit Shenzhen for 3 days and would like to dine at Kerry's Li Bao Ge. Could you please provide us with a travel plan?",
    "days": 3,
    "people_number": 2,
    "hard_logic_nl": [
        "旅行天数为3",
        "旅行人数为2",
        "门票或车票数为2",
        "想去利宝阁(嘉里店)就餐",
        "出租车数为1"
    ]
}