{
    "start_city": "北京",
    "target_city": "广州",
    "hard_logic": [
        "days==3",
        "people_number==4",
        "tickets==4",
        "{'美豪丽致酒店(广州天河金融城店)'}<=hotel_names"
    ],
    "hard_logic_py": [
        "result=(day_count(plan)==3)",
        "result=(people_count(plan)==4)",
        "result=True\nfor activity in allactivities(plan):\n  if activity_type(activity) in ['attraction', 'airplane', 'train'] and activity_tickets(activity)!=4: result=False\n  if innercity_transport_type(activity_transports(activity))=='metro'and metro_tickets(activity_transports(activity))!=4: result=False",
        "accommodation_name_set=set()\nfor activity in allactivities(plan):\n  if activity_type(activity)=='accommodation': accommodation_name_set.add(activity_position(activity))\nresult=({'美豪丽致酒店(广州天河金融城店)'}<=accommodation_name_set)",
        "result=True\nfor activity in allactivities(plan):\n  if innercity_transport_type(activity_transports(activity))=='taxi'and taxi_cars(activity_transports(activity))!=1: result=False"
    ],
    "tag": "medium",
    "uid": "m20241028165014731116",
    "nature_language": "当前位置北京。我们四个人想去广州玩3天，住美豪丽致酒店，在广州天河金融城附近，请给我们一个旅行规划。",
    "nature_language_en": "Current location: Beijing. Four of us want to travel to Guangzhou for 3 days and stay at the Mehood Lestie Hotel, near the Tianhe Financial City in Guangzhou. Please provide us with a travel itinerary.",
    "days": 3,
    "people_number": 4,
    "hard_logic_nl": [
        "旅行天数为3",
        "旅行人数为4",
        "门票或车票数为4",
        "住宿地点为美豪丽致酒店(广州天河金融城店)",
        "出租车数为1"
    ]
}