{
    "start_city": "南京",
    "target_city": "武汉",
    "hard_logic": [
        "days==3",
        "people_number==4",
        "tickets==4",
        "{'武汉斯威特酒店(光谷步行街华中科技大学店)'}<=hotel_names"
    ],
    "hard_logic_py": [
        "result=(day_count(plan)==3)",
        "result=(people_count(plan)==4)",
        "result=True\nfor activity in allactivities(plan):\n  if activity_type(activity) in ['attraction', 'airplane', 'train'] and activity_tickets(activity)!=4: result=False\n  if innercity_transport_type(activity_transports(activity))=='metro'and metro_tickets(activity_transports(activity))!=4: result=False",
        "accommodation_name_set=set()\nfor activity in allactivities(plan):\n  if activity_type(activity)=='accommodation': accommodation_name_set.add(activity_position(activity))\nresult=({'武汉斯威特酒店(光谷步行街华中科技大学店)'}<=accommodation_name_set)",
        "result=True\nfor activity in allactivities(plan):\n  if innercity_transport_type(activity_transports(activity))=='taxi'and taxi_cars(activity_transports(activity))!=1: result=False"
    ],
    "tag": "medium",
    "uid": "m20241028165016137718",
    "nature_language": "我目前在南京，计划和三个朋友一起去武汉玩三天，希望住在华科附近武汉斯威特酒店，请帮我规划一下行程。",
    "nature_language_en": "Sure, here is the translation of your text into English:",
    "days": 3,
    "people_number": 4,
    "hard_logic_nl": [
        "旅行天数为3",
        "旅行人数为4",
        "门票或车票数为4",
        "住宿地点为武汉斯威特酒店(光谷步行街华中科技大学店)",
        "出租车数为1"
    ]
}