{
    "start_city": "南京",
    "target_city": "武汉",
    "hard_logic": [
        "days==2",
        "people_number==3",
        "tickets==3",
        "{'空白造物咖啡吧'} <= restaurant_names"
    ],
    "hard_logic_py": [
        "result=(day_count(plan)==2)",
        "result=(people_count(plan)==3)",
        "result=True\nfor activity in allactivities(plan):\n  if activity_type(activity) in ['attraction', 'airplane', 'train'] and activity_tickets(activity)!=3: result=False\n  if innercity_transport_type(activity_transports(activity))=='metro'and metro_tickets(activity_transports(activity))!=3: result=False",
        "restaurant_name_set=set()\nfor activity in allactivities(plan):\n  if activity_type(activity) in ['breakfast', 'lunch', 'dinner']: restaurant_name_set.add(activity_position(activity))\nresult=({'空白造物咖啡吧'}<=restaurant_name_set)",
        "result=True\nfor activity in allactivities(plan):\n  if innercity_transport_type(activity_transports(activity))=='taxi'and taxi_cars(activity_transports(activity))!=1: result=False"
    ],
    "tag": "medium",
    "uid": "m20241028164922818260",
    "nature_language": "当前位置南京。我们三个人想去武汉玩2天，想在空白造物咖啡吧喝咖啡，请给我们一个旅行规划。",
    "nature_language_en": "Current location: Nanjing. The three of us want to visit Wuhan for 2 days and would like to have coffee at Blank Creation Café. Please provide us with a travel plan.",
    "days": 2,
    "people_number": 3,
    "hard_logic_nl": [
        "旅行天数为2",
        "旅行人数为3",
        "门票或车票数为3",
        "想去空白造物咖啡吧就餐",
        "出租车数为1"
    ]
}