{
    "start_city": "北京",
    "target_city": "武汉",
    "hard_logic": [
        "days==2",
        "people_number==2",
        "tickets==2",
        "{'意大利风情街'}<=attraction_names"
    ],
    "hard_logic_py": [
        "result=(day_count(plan)==2)",
        "result=(people_count(plan)==2)",
        "result=True\nfor activity in allactivities(plan):\n  if activity_type(activity) in ['attraction', 'airplane', 'train'] and activity_tickets(activity)!=2: result=False\n  if innercity_transport_type(activity_transports(activity))=='metro'and metro_tickets(activity_transports(activity))!=2: result=False",
        "attraction_name_set=set()\nfor activity in allactivities(plan):\n  if activity_type(activity)=='attraction': attraction_name_set.add(activity_position(activity))\nresult=({'意大利风情街'}<=attraction_name_set)",
        "result=True\nfor activity in allactivities(plan):\n  if innercity_transport_type(activity_transports(activity))=='taxi'and taxi_cars(activity_transports(activity))!=1: result=False"
    ],
    "tag": "medium",
    "uid": "m20241028164857685556",
    "nature_language": "当前位置北京。我和朋友两个人想去武汉玩2天，想去意大利风情街，请给我们一个旅行规划。",
    "nature_language_en": "Current location: Beijing. My friend and I want to visit Wuhan for 2 days and would like to go to the Italian Style Street. Please provide us with a travel plan.",
    "days": 2,
    "people_number": 2,
    "hard_logic_nl": [
        "旅行天数为2",
        "旅行人数为2",
        "门票或车票数为2",
        "想参观的景点为意大利风情街",
        "出租车数为1"
    ]
}