{
    "start_city": "上海",
    "target_city": "南京",
    "hard_logic": [
        "days==3",
        "people_number==3",
        "tickets==3",
        "{'太平天国历史博物馆(瞻园)'}<=attraction_names"
    ],
    "hard_logic_py": [
        "result=(day_count(plan)==3)",
        "result=(people_count(plan)==3)",
        "result=True\nfor activity in allactivities(plan):\n  if activity_type(activity) in ['attraction', 'airplane', 'train'] and activity_tickets(activity)!=3: result=False\n  if innercity_transport_type(activity_transports(activity))=='metro'and metro_tickets(activity_transports(activity))!=3: result=False",
        "attraction_name_set=set()\nfor activity in allactivities(plan):\n  if activity_type(activity)=='attraction': attraction_name_set.add(activity_position(activity))\nresult=({'太平天国历史博物馆(瞻园)'}<=attraction_name_set)",
        "result=True\nfor activity in allactivities(plan):\n  if innercity_transport_type(activity_transports(activity))=='taxi'and taxi_cars(activity_transports(activity))!=1: result=False"
    ],
    "tag": "medium",
    "uid": "m20241028164846117340",
    "nature_language": "当前位置上海。我们三个人想去南京玩3天，想去太平天国历史博物馆，请给我们一个旅行规划。",
    "nature_language_en": "Current location: Shanghai. The three of us want to visit Nanjing for 3 days and would like to go to the Taiping Heavenly Kingdom History Museum. Could you please provide us with a travel plan?",
    "days": 3,
    "people_number": 3,
    "hard_logic_nl": [
        "旅行天数为3",
        "旅行人数为3",
        "门票或车票数为3",
        "想参观的景点为太平天国历史博物馆(瞻园)",
        "出租车数为1"
    ]
}