{
    "start_city": "武汉",
    "target_city": "南京",
    "hard_logic": [
        "days==3",
        "people_number==3",
        "tickets==3",
        "{'米桃-百花山房·桃花扇(金鹰世界店)'} <= restaurant_names"
    ],
    "hard_logic_py": [
        "result=(day_count(plan)==3)",
        "result=(people_count(plan)==3)",
        "result=True\nfor activity in allactivities(plan):\n  if activity_type(activity) in ['attraction', 'airplane', 'train'] and activity_tickets(activity)!=3: result=False\n  if innercity_transport_type(activity_transports(activity))=='metro'and metro_tickets(activity_transports(activity))!=3: result=False",
        "restaurant_name_set=set()\nfor activity in allactivities(plan):\n  if activity_type(activity) in ['breakfast', 'lunch', 'dinner']: restaurant_name_set.add(activity_position(activity))\nresult=({'米桃-百花山房·桃花扇(金鹰世界店)'}<=restaurant_name_set)",
        "result=True\nfor activity in allactivities(plan):\n  if innercity_transport_type(activity_transports(activity))=='taxi'and taxi_cars(activity_transports(activity))!=1: result=False"
    ],
    "tag": "medium",
    "uid": "m20241028164913584976",
    "nature_language": "当前位置武汉。我们三个人想去南京玩3天，想吃米桃-百花山房·桃花，在金鹰世界，请给我们一个旅行规划。",
    "nature_language_en": "Current location: Wuhan. The three of us want to visit Nanjing for 3 days and would like to eat at Mi Tao - Baihua Shanfang · Taohua in Golden Eagle World. Please provide us with a travel plan.",
    "days": 3,
    "people_number": 3,
    "hard_logic_nl": [
        "旅行天数为3",
        "旅行人数为3",
        "门票或车票数为3",
        "想去米桃-百花山房·桃花扇(金鹰世界店)就餐",
        "出租车数为1"
    ]
}