{
    "start_city": "南京",
    "target_city": "上海",
    "hard_logic": [
        "days==2",
        "people_number==3",
        "tickets==3",
        "{'原舍·在水一方度假酒店'}<=hotel_names"
    ],
    "hard_logic_py": [
        "result=(day_count(plan)==2)",
        "result=(people_count(plan)==3)",
        "result=True\nfor activity in allactivities(plan):\n  if activity_type(activity) in ['attraction', 'airplane', 'train'] and activity_tickets(activity)!=3: result=False\n  if innercity_transport_type(activity_transports(activity))=='metro'and metro_tickets(activity_transports(activity))!=3: result=False",
        "accommodation_name_set=set()\nfor activity in allactivities(plan):\n  if activity_type(activity)=='accommodation': accommodation_name_set.add(activity_position(activity))\nresult=({'原舍·在水一方度假酒店'}<=accommodation_name_set)",
        "result=True\nfor activity in allactivities(plan):\n  if innercity_transport_type(activity_transports(activity))=='taxi'and taxi_cars(activity_transports(activity))!=1: result=False"
    ],
    "tag": "medium",
    "uid": "m20241028164956243805",
    "nature_language": "我目前在南京，计划和两个朋友一起去上海玩两天，选择原舍·在水一方度假酒店，请帮我们规划一个旅行方案。",
    "nature_language_en": "Sure, here is the translation of your text into English:",
    "days": 2,
    "people_number": 3,
    "hard_logic_nl": [
        "旅行天数为2",
        "旅行人数为3",
        "门票或车票数为3",
        "住宿地点为原舍·在水一方度假酒店",
        "出租车数为1"
    ]
}