{
    "start_city": "成都",
    "target_city": "重庆",
    "hard_logic": [
        "days==2",
        "people_number==3",
        "tickets==3",
        "rooms==2",
        "room_type==2",
        "{'多功能厅'}<=hotel_feature"
    ],
    "hard_logic_py": [
        "result=(day_count(plan)==2)",
        "result=(people_count(plan)==3)",
        "result=True\nfor activity in allactivities(plan):\n  if activity_type(activity) in ['attraction', 'airplane', 'train'] and activity_tickets(activity)!=3: result=False\n  if innercity_transport_type(activity_transports(activity))=='metro'and metro_tickets(activity_transports(activity))!=3: result=False",
        "result=True\nfor activity in allactivities(plan):\n  if activity_type(activity)=='accommodation' and room_count(activity)!=2: result=False",
        "result=True\nfor activity in allactivities(plan):\n  if activity_type(activity)=='accommodation' and room_type(activity)!=2: result=False",
        "accommodation_type_set=set()\nfor activity in allactivities(plan):\n  if activity_type(activity) == 'accommodation': accommodation_type_set.add(accommodation_type(activity, target_city(plan)))\nresult=({'多功能厅'}<=accommodation_type_set)",
        "result=True\nfor activity in allactivities(plan):\n  if innercity_transport_type(activity_transports(activity))=='taxi'and taxi_cars(activity_transports(activity))!=1: result=False"
    ],
    "tag": "medium",
    "uid": "m20241028164723199132",
    "nature_language": "当前位置成都。我们三个人想去重庆玩2天，住两间双床房，酒店要有多功能厅，请给我一个旅行规划。",
    "nature_language_en": "Current location: Chengdu. Three of us want to visit Chongqing for 2 days and stay in two twin rooms. The hotel should have a multifunctional hall. Please provide me with a travel plan.",
    "days": 2,
    "people_number": 3,
    "hard_logic_nl": [
        "旅行天数为2",
        "旅行人数为3",
        "门票或车票数为3",
        "开2间房",
        "住标间",
        "住宿为以下指定类型或有相关服务: 多功能厅",
        "出租车数为1"
    ]
}