{
    "start_city": "广州",
    "target_city": "深圳",
    "hard_logic": [
        "days==2",
        "people_number==2",
        "tickets==2",
        "{'深圳大梅沙京基洲际度假酒店'}<=hotel_names"
    ],
    "hard_logic_py": [
        "result=(day_count(plan)==2)",
        "result=(people_count(plan)==2)",
        "result=True\nfor activity in allactivities(plan):\n  if activity_type(activity) in ['attraction', 'airplane', 'train'] and activity_tickets(activity)!=2: result=False\n  if innercity_transport_type(activity_transports(activity))=='metro'and metro_tickets(activity_transports(activity))!=2: result=False",
        "accommodation_name_set=set()\nfor activity in allactivities(plan):\n  if activity_type(activity)=='accommodation': accommodation_name_set.add(activity_position(activity))\nresult=({'深圳大梅沙京基洲际度假酒店'}<=accommodation_name_set)",
        "result=True\nfor activity in allactivities(plan):\n  if innercity_transport_type(activity_transports(activity))=='taxi'and taxi_cars(activity_transports(activity))!=1: result=False"
    ],
    "tag": "medium",
    "uid": "m20241028165003809657",
    "nature_language": "当前位置广州。我和朋友两个人想去深圳玩2天，住深圳大梅沙京基洲际度假酒店，请给我们一个旅行规划。",
    "nature_language_en": "Current location: Guangzhou. My friend and I want to visit Shenzhen for 2 days and stay at the Shenzhen Dameisha Kingkey Intercontinental Resort. Please provide us with a travel plan.",
    "days": 2,
    "people_number": 2,
    "hard_logic_nl": [
        "旅行天数为2",
        "旅行人数为2",
        "门票或车票数为2",
        "住宿地点为深圳大梅沙京基洲际度假酒店",
        "出租车数为1"
    ]
}