{
    "start_city": "杭州",
    "target_city": "上海",
    "hard_logic": [
        "days==3",
        "people_number==4",
        "tickets==4",
        "{'上海悦麓花园酒店'}<=hotel_names"
    ],
    "hard_logic_py": [
        "result=(day_count(plan)==3)",
        "result=(people_count(plan)==4)",
        "result=True\nfor activity in allactivities(plan):\n  if activity_type(activity) in ['attraction', 'airplane', 'train'] and activity_tickets(activity)!=4: result=False\n  if innercity_transport_type(activity_transports(activity))=='metro'and metro_tickets(activity_transports(activity))!=4: result=False",
        "accommodation_name_set=set()\nfor activity in allactivities(plan):\n  if activity_type(activity)=='accommodation': accommodation_name_set.add(activity_position(activity))\nresult=({'上海悦麓花园酒店'}<=accommodation_name_set)",
        "result=True\nfor activity in allactivities(plan):\n  if innercity_transport_type(activity_transports(activity))=='taxi'and taxi_cars(activity_transports(activity))!=1: result=False"
    ],
    "tag": "medium",
    "uid": "m20241028165023656799",
    "nature_language": "我目前在杭州，计划和三个朋友一起去上海玩三天，希望入住上海悦麓花园酒店，请帮我规划一个旅行方案。",
    "nature_language_en": "Sure, here is the translation of your request into English:",
    "days": 3,
    "people_number": 4,
    "hard_logic_nl": [
        "旅行天数为3",
        "旅行人数为4",
        "门票或车票数为4",
        "住宿地点为上海悦麓花园酒店",
        "出租车数为1"
    ]
}