{
    "start_city": "南京",
    "target_city": "深圳",
    "hard_logic": [
        "days==2",
        "people_number==3",
        "tickets==3",
        "{'蜜悦·深圳蓝白圣岛悬崖泡池美宿'}<=hotel_names"
    ],
    "hard_logic_py": [
        "result=(day_count(plan)==2)",
        "result=(people_count(plan)==3)",
        "result=True\nfor activity in allactivities(plan):\n  if activity_type(activity) in ['attraction', 'airplane', 'train'] and activity_tickets(activity)!=3: result=False\n  if innercity_transport_type(activity_transports(activity))=='metro'and metro_tickets(activity_transports(activity))!=3: result=False",
        "accommodation_name_set=set()\nfor activity in allactivities(plan):\n  if activity_type(activity)=='accommodation': accommodation_name_set.add(activity_position(activity))\nresult=({'蜜悦·深圳蓝白圣岛悬崖泡池美宿'}<=accommodation_name_set)",
        "result=True\nfor activity in allactivities(plan):\n  if innercity_transport_type(activity_transports(activity))=='taxi'and taxi_cars(activity_transports(activity))!=1: result=False"
    ],
    "tag": "medium",
    "uid": "m20241028165010342686",
    "nature_language": "当前位置南京。我们三个人想去深圳玩2天，住蜜悦·深圳蓝白圣岛悬崖泡池美宿，请给我们一个旅行规划。",
    "nature_language_en": "Current location: Nanjing. The three of us want to visit Shenzhen for 2 days and stay at the Mi Yue·Shenzhen Blue and White Saint Island Cliff Hot Spring Hotel. Please provide us with a travel plan.",
    "days": 2,
    "people_number": 3,
    "hard_logic_nl": [
        "旅行天数为2",
        "旅行人数为3",
        "门票或车票数为3",
        "住宿地点为蜜悦·深圳蓝白圣岛悬崖泡池美宿",
        "出租车数为1"
    ]
}