{
    "start_city": "北京",
    "target_city": "深圳",
    "hard_logic": [
        "days==3",
        "people_number==3",
        "tickets==3",
        "{'深圳南山科技园希尔顿惠庭酒店'}<=hotel_names"
    ],
    "hard_logic_py": [
        "result=(day_count(plan)==3)",
        "result=(people_count(plan)==3)",
        "result=True\nfor activity in allactivities(plan):\n  if activity_type(activity) in ['attraction', 'airplane', 'train'] and activity_tickets(activity)!=3: result=False\n  if innercity_transport_type(activity_transports(activity))=='metro'and metro_tickets(activity_transports(activity))!=3: result=False",
        "accommodation_name_set=set()\nfor activity in allactivities(plan):\n  if activity_type(activity)=='accommodation': accommodation_name_set.add(activity_position(activity))\nresult=({'深圳南山科技园希尔顿惠庭酒店'}<=accommodation_name_set)",
        "result=True\nfor activity in allactivities(plan):\n  if innercity_transport_type(activity_transports(activity))=='taxi'and taxi_cars(activity_transports(activity))!=1: result=False"
    ],
    "tag": "medium",
    "uid": "m20241028165005397280",
    "nature_language": "当前位置北京。我们三个人想去深圳玩3天，住深圳南山科技园希尔顿惠庭酒店，请给我们一个旅行规划。",
    "nature_language_en": "Current location: Beijing. The three of us want to visit Shenzhen for 3 days and stay at the Hilton Garden Inn Shenzhen Nanshan Science & Technology Park. Please provide us with a travel plan.",
    "days": 3,
    "people_number": 3,
    "hard_logic_nl": [
        "旅行天数为3",
        "旅行人数为3",
        "门票或车票数为3",
        "住宿地点为深圳南山科技园希尔顿惠庭酒店",
        "出租车数为1"
    ]
}