{
    "start_city": "杭州",
    "target_city": "成都",
    "hard_logic": [
        "days==2",
        "people_number==2",
        "tickets==2",
        "{'商业街区'}<=spot_type"
    ],
    "hard_logic_py": [
        "result=(day_count(plan)==2)",
        "result=(people_count(plan)==2)",
        "result=True\nfor activity in allactivities(plan):\n  if activity_type(activity) in ['attraction', 'airplane', 'train'] and activity_tickets(activity)!=2: result=False\n  if innercity_transport_type(activity_transports(activity))=='metro'and metro_tickets(activity_transports(activity))!=2: result=False",
        "attraction_type_set=set()\nfor activity in allactivities(plan):\n  if activity_type(activity)=='attraction': attraction_type_set.add(attraction_type(activity, target_city(plan)))\nresult=({'商业街区'}<=attraction_type_set)",
        "result=True\nfor activity in allactivities(plan):\n  if innercity_transport_type(activity_transports(activity))=='taxi'and taxi_cars(activity_transports(activity))!=1: result=False"
    ],
    "tag": "medium",
    "uid": "m20241028164630109683",
    "nature_language": "当前位置杭州。我和朋友两个人想去成都玩2天，想去逛逛繁华的商业街区，请给我们一个旅行规划。",
    "nature_language_en": "Current location: Hangzhou. My friend and I want to visit Chengdu for 2 days. We would like to explore bustling commercial districts. Please provide us with a travel plan.",
    "days": 2,
    "people_number": 2,
    "hard_logic_nl": [
        "旅行天数为2",
        "旅行人数为2",
        "门票或车票数为2",
        "想参观的景点类型为商业街区",
        "出租车数为1"
    ]
}