{
    "start_city": "武汉",
    "target_city": "南京",
    "hard_logic": [
        "days==3",
        "people_number==2",
        "tickets==2",
        "{'南京大牌档(龙江新城市广场店)'} <= restaurant_names"
    ],
    "hard_logic_py": [
        "result=(day_count(plan)==3)",
        "result=(people_count(plan)==2)",
        "result=True\nfor activity in allactivities(plan):\n  if activity_type(activity) in ['attraction', 'airplane', 'train'] and activity_tickets(activity)!=2: result=False\n  if innercity_transport_type(activity_transports(activity))=='metro'and metro_tickets(activity_transports(activity))!=2: result=False",
        "restaurant_name_set=set()\nfor activity in allactivities(plan):\n  if activity_type(activity) in ['breakfast', 'lunch', 'dinner']: restaurant_name_set.add(activity_position(activity))\nresult=({'南京大牌档(龙江新城市广场店)'}<=restaurant_name_set)",
        "result=True\nfor activity in allactivities(plan):\n  if innercity_transport_type(activity_transports(activity))=='taxi'and taxi_cars(activity_transports(activity))!=1: result=False"
    ],
    "tag": "medium",
    "uid": "m20241028164914972867",
    "nature_language": "当前位置武汉。我和朋友两个人想去南京玩3天，想吃南京大牌档龙江新城市广场的店，请给我们一个旅行规划。",
    "nature_language_en": "Current location: Wuhan. My friend and I want to visit Nanjing for 3 days and we would like to eat at the Nanjing Impressions restaurant in Longjiang New City Plaza. Please provide us with a travel plan.",
    "days": 3,
    "people_number": 2,
    "hard_logic_nl": [
        "旅行天数为3",
        "旅行人数为2",
        "门票或车票数为2",
        "想去南京大牌档(龙江新城市广场店)就餐",
        "出租车数为1"
    ]
}