{
    "start_city": "南京",
    "target_city": "重庆",
    "hard_logic": [
        "days==2",
        "people_number==1",
        "tickets==1",
        "rooms==1",
        "room_type==1",
        "{'棋牌室'}<=hotel_feature"
    ],
    "hard_logic_py": [
        "result=(day_count(plan)==2)",
        "result=(people_count(plan)==1)",
        "result=True\nfor activity in allactivities(plan):\n  if activity_type(activity) in ['attraction', 'airplane', 'train'] and activity_tickets(activity)!=1: result=False\n  if innercity_transport_type(activity_transports(activity))=='metro'and metro_tickets(activity_transports(activity))!=1: result=False",
        "result=True\nfor activity in allactivities(plan):\n  if activity_type(activity)=='accommodation' and room_count(activity)!=1: result=False",
        "result=True\nfor activity in allactivities(plan):\n  if activity_type(activity)=='accommodation' and room_type(activity)!=1: result=False",
        "accommodation_type_set=set()\nfor activity in allactivities(plan):\n  if activity_type(activity) == 'accommodation': accommodation_type_set.add(accommodation_type(activity, target_city(plan)))\nresult=({'棋牌室'}<=accommodation_type_set)",
        "result=True\nfor activity in allactivities(plan):\n  if innercity_transport_type(activity_transports(activity))=='taxi'and taxi_cars(activity_transports(activity))!=1: result=False"
    ],
    "tag": "medium",
    "uid": "m20241028164724408368",
    "nature_language": "当前位置南京。我一个人想去重庆玩2天，住一间大床房，酒店要可以打牌，请给我一个旅行规划。",
    "nature_language_en": "Current location: Nanjing. I want to travel to Chongqing alone for 2 days and stay in a hotel with a king-size bed. The hotel should have facilities for playing cards. Please provide me with a travel plan.",
    "days": 2,
    "people_number": 1,
    "hard_logic_nl": [
        "旅行天数为2",
        "旅行人数为1",
        "门票或车票数为1",
        "开1间房",
        "住大床房",
        "住宿为以下指定类型或有相关服务: 棋牌室",
        "出租车数为1"
    ]
}