{
    "start_city": "成都",
    "target_city": "北京",
    "hard_logic": [
        "days==3",
        "people_number==4",
        "tickets==4",
        "{'十七孔桥'}<=attraction_names"
    ],
    "hard_logic_py": [
        "result=(day_count(plan)==3)",
        "result=(people_count(plan)==4)",
        "result=True\nfor activity in allactivities(plan):\n  if activity_type(activity) in ['attraction', 'airplane', 'train'] and activity_tickets(activity)!=4: result=False\n  if innercity_transport_type(activity_transports(activity))=='metro'and metro_tickets(activity_transports(activity))!=4: result=False",
        "attraction_name_set=set()\nfor activity in allactivities(plan):\n  if activity_type(activity)=='attraction': attraction_name_set.add(activity_position(activity))\nresult=({'十七孔桥'}<=attraction_name_set)",
        "result=True\nfor activity in allactivities(plan):\n  if innercity_transport_type(activity_transports(activity))=='taxi'and taxi_cars(activity_transports(activity))!=1: result=False"
    ],
    "tag": "medium",
    "uid": "m20241028164856128486",
    "nature_language": "当前位置成都。我们四个人想去北京玩3天，想去十七孔桥，请给我们一个旅行规划。",
    "nature_language_en": "Current location: Chengdu. Four of us want to visit Beijing for 3 days and would like to see the Seventeen-Arch Bridge. Please provide us with a travel plan.",
    "days": 3,
    "people_number": 4,
    "hard_logic_nl": [
        "旅行天数为3",
        "旅行人数为4",
        "门票或车票数为4",
        "想参观的景点为十七孔桥",
        "出租车数为1"
    ]
}