{
    "start_city": "广州",
    "target_city": "杭州",
    "hard_logic": [
        "days==2",
        "people_number==2",
        "tickets==2",
        "{'杭州寻觅民宿'}<=hotel_names"
    ],
    "hard_logic_py": [
        "result=(day_count(plan)==2)",
        "result=(people_count(plan)==2)",
        "result=True\nfor activity in allactivities(plan):\n  if activity_type(activity) in ['attraction', 'airplane', 'train'] and activity_tickets(activity)!=2: result=False\n  if innercity_transport_type(activity_transports(activity))=='metro'and metro_tickets(activity_transports(activity))!=2: result=False",
        "accommodation_name_set=set()\nfor activity in allactivities(plan):\n  if activity_type(activity)=='accommodation': accommodation_name_set.add(activity_position(activity))\nresult=({'杭州寻觅民宿'}<=accommodation_name_set)",
        "result=True\nfor activity in allactivities(plan):\n  if innercity_transport_type(activity_transports(activity))=='taxi'and taxi_cars(activity_transports(activity))!=1: result=False"
    ],
    "tag": "medium",
    "uid": "m20241028164958963982",
    "nature_language": "我目前在广州，计划和我的朋友一起去杭州玩两天。选择杭州寻觅民宿，请帮我们规划一个旅行计划。",
    "nature_language_en": "Sure, here is the translation:",
    "days": 2,
    "people_number": 2,
    "hard_logic_nl": [
        "旅行天数为2",
        "旅行人数为2",
        "门票或车票数为2",
        "住宿地点为杭州寻觅民宿",
        "出租车数为1"
    ]
}