{
    "start_city": "南京",
    "target_city": "重庆",
    "hard_logic": [
        "days==3",
        "people_number==1",
        "tickets==1",
        "{'面包甜点'} <= food_type"
    ],
    "hard_logic_py": [
        "result=(day_count(plan)==3)",
        "result=(people_count(plan)==1)",
        "result=True\nfor activity in allactivities(plan):\n  if activity_type(activity) in ['attraction', 'airplane', 'train'] and activity_tickets(activity)!=1: result=False\n  if innercity_transport_type(activity_transports(activity))=='metro'and metro_tickets(activity_transports(activity))!=1: result=False",
        "restaurant_type_set=set()\nfor activity in allactivities(plan):\n  if activity_type(activity) in ['breakfast', 'lunch', 'dinner']: restaurant_type_set.add(restaurant_type(activity, target_city(plan)))\nresult=({'面包甜点'}<=restaurant_type_set)",
        "result=True\nfor activity in allactivities(plan):\n  if innercity_transport_type(activity_transports(activity))=='taxi'and taxi_cars(activity_transports(activity))!=1: result=False"
    ],
    "tag": "medium",
    "uid": "m20241028164658228656",
    "nature_language": "当前位置南京。我一个人想去重庆玩3天，喜欢吃甜食面包啥的，请给我一个旅行规划。",
    "nature_language_en": "Current location: Nanjing. I want to travel to Chongqing alone for 3 days. I like sweet foods and bread. Please provide me with a travel plan.",
    "days": 3,
    "people_number": 1,
    "hard_logic_nl": [
        "旅行天数为3",
        "旅行人数为1",
        "门票或车票数为1",
        "想品尝面包甜点",
        "出租车数为1"
    ]
}