{
    "start_city": "杭州",
    "target_city": "上海",
    "hard_logic": [
        "days==2",
        "people_number==1",
        "tickets==1",
        "{'本帮菜'} <= food_type"
    ],
    "hard_logic_py": [
        "result=(day_count(plan)==2)",
        "result=(people_count(plan)==1)",
        "result=True\nfor activity in allactivities(plan):\n  if activity_type(activity) in ['attraction', 'airplane', 'train'] and activity_tickets(activity)!=1: result=False\n  if innercity_transport_type(activity_transports(activity))=='metro'and metro_tickets(activity_transports(activity))!=1: result=False",
        "restaurant_type_set=set()\nfor activity in allactivities(plan):\n  if activity_type(activity) in ['breakfast', 'lunch', 'dinner']: restaurant_type_set.add(restaurant_type(activity, target_city(plan)))\nresult=({'本帮菜'}<=restaurant_type_set)",
        "result=True\nfor activity in allactivities(plan):\n  if innercity_transport_type(activity_transports(activity))=='taxi'and taxi_cars(activity_transports(activity))!=1: result=False"
    ],
    "tag": "medium",
    "uid": "m20241028164637595271",
    "nature_language": "当前位置杭州。我一个人想去上海玩2天，想尝试当地的特色菜，请给我一个旅行规划。",
    "nature_language_en": "Current location: Hangzhou. I want to travel to Shanghai alone for 2 days and try the local specialties. Please provide me with a travel plan.",
    "days": 2,
    "people_number": 1,
    "hard_logic_nl": [
        "旅行天数为2",
        "旅行人数为1",
        "门票或车票数为1",
        "想品尝本帮菜",
        "出租车数为1"
    ]
}