{
    "start_city": "成都",
    "target_city": "重庆",
    "hard_logic": [
        "days==2",
        "people_number==1",
        "tickets==1",
        "{'美丽厨餐厅(棕榈泉店)'} <= restaurant_names"
    ],
    "hard_logic_py": [
        "result=(day_count(plan)==2)",
        "result=(people_count(plan)==1)",
        "result=True\nfor activity in allactivities(plan):\n  if activity_type(activity) in ['attraction', 'airplane', 'train'] and activity_tickets(activity)!=1: result=False\n  if innercity_transport_type(activity_transports(activity))=='metro'and metro_tickets(activity_transports(activity))!=1: result=False",
        "restaurant_name_set=set()\nfor activity in allactivities(plan):\n  if activity_type(activity) in ['breakfast', 'lunch', 'dinner']: restaurant_name_set.add(activity_position(activity))\nresult=({'美丽厨餐厅(棕榈泉店)'}<=restaurant_name_set)",
        "result=True\nfor activity in allactivities(plan):\n  if innercity_transport_type(activity_transports(activity))=='taxi'and taxi_cars(activity_transports(activity))!=1: result=False"
    ],
    "tag": "medium",
    "uid": "m20241028164925825092",
    "nature_language": "当前位置成都。我一个人想去重庆玩2天，想吃棕榈泉附近的美丽厨餐厅，请给我一个旅行规划。",
    "nature_language_en": "Current location: Chengdu. I want to travel alone to Chongqing for 2 days and would like to dine at the Beautiful Kitchen restaurant near Palm Springs. Please provide me with a travel plan.",
    "days": 2,
    "people_number": 1,
    "hard_logic_nl": [
        "旅行天数为2",
        "旅行人数为1",
        "门票或车票数为1",
        "想去美丽厨餐厅(棕榈泉店)就餐",
        "出租车数为1"
    ]
}