{
    "start_city": "广州",
    "target_city": "北京",
    "hard_logic": [
        "days==2",
        "people_number==3",
        "tickets==3",
        "{'文化旅游区'}<=spot_type"
    ],
    "hard_logic_py": [
        "result=(day_count(plan)==2)",
        "result=(people_count(plan)==3)",
        "result=True\nfor activity in allactivities(plan):\n  if activity_type(activity) in ['attraction', 'airplane', 'train'] and activity_tickets(activity)!=3: result=False\n  if innercity_transport_type(activity_transports(activity))=='metro'and metro_tickets(activity_transports(activity))!=3: result=False",
        "attraction_type_set=set()\nfor activity in allactivities(plan):\n  if activity_type(activity)=='attraction': attraction_type_set.add(attraction_type(activity, target_city(plan)))\nresult=({'文化旅游区'}<=attraction_type_set)",
        "result=True\nfor activity in allactivities(plan):\n  if innercity_transport_type(activity_transports(activity))=='taxi'and taxi_cars(activity_transports(activity))!=1: result=False"
    ],
    "tag": "medium",
    "uid": "m20241028164627218521",
    "nature_language": "我目前在广州，计划和两个朋友一起去北京玩两天，我们想参观一些有文化特色的地方，请帮我们规划一个旅行方案。",
    "nature_language_en": "Sure, here's the translation:",
    "days": 2,
    "people_number": 3,
    "hard_logic_nl": [
        "旅行天数为2",
        "旅行人数为3",
        "门票或车票数为3",
        "想参观的景点类型为文化旅游区",
        "出租车数为1"
    ]
}