{
    "start_city": "重庆",
    "target_city": "杭州",
    "hard_logic": [
        "days==3",
        "people_number==1",
        "tickets==1",
        "{'富春山居号游船'}<=attraction_names"
    ],
    "hard_logic_py": [
        "result=(day_count(plan)==3)",
        "result=(people_count(plan)==1)",
        "result=True\nfor activity in allactivities(plan):\n  if activity_type(activity) in ['attraction', 'airplane', 'train'] and activity_tickets(activity)!=1: result=False\n  if innercity_transport_type(activity_transports(activity))=='metro'and metro_tickets(activity_transports(activity))!=1: result=False",
        "attraction_name_set=set()\nfor activity in allactivities(plan):\n  if activity_type(activity)=='attraction': attraction_name_set.add(activity_position(activity))\nresult=({'富春山居号游船'}<=attraction_name_set)",
        "result=True\nfor activity in allactivities(plan):\n  if innercity_transport_type(activity_transports(activity))=='taxi'and taxi_cars(activity_transports(activity))!=1: result=False"
    ],
    "tag": "medium",
    "uid": "m20241028164825618732",
    "nature_language": "当前位置重庆。我一个人想去杭州玩3天，想去富春山居号游船，请给我一个旅行规划。",
    "nature_language_en": "Sure! Here is the translation of your request into English:",
    "days": 3,
    "people_number": 1,
    "hard_logic_nl": [
        "旅行天数为3",
        "旅行人数为1",
        "门票或车票数为1",
        "想参观的景点为富春山居号游船",
        "出租车数为1"
    ]
}