{
    "start_city": "广州",
    "target_city": "成都",
    "hard_logic": [
        "days==3",
        "people_number==3",
        "tickets==3",
        "{'成都明悦大酒店'}<=hotel_names"
    ],
    "hard_logic_py": [
        "result=(day_count(plan)==3)",
        "result=(people_count(plan)==3)",
        "result=True\nfor activity in allactivities(plan):\n  if activity_type(activity) in ['attraction', 'airplane', 'train'] and activity_tickets(activity)!=3: result=False\n  if innercity_transport_type(activity_transports(activity))=='metro'and metro_tickets(activity_transports(activity))!=3: result=False",
        "accommodation_name_set=set()\nfor activity in allactivities(plan):\n  if activity_type(activity)=='accommodation': accommodation_name_set.add(activity_position(activity))\nresult=({'成都明悦大酒店'}<=accommodation_name_set)",
        "result=True\nfor activity in allactivities(plan):\n  if innercity_transport_type(activity_transports(activity))=='taxi'and taxi_cars(activity_transports(activity))!=1: result=False"
    ],
    "tag": "medium",
    "uid": "m20241028165024514344",
    "nature_language": "当前位置广州。我们三个人想去成都玩3天，住成都明悦大酒店，请给我们一个旅行规划。",
    "nature_language_en": "Current location: Guangzhou. The three of us want to visit Chengdu for 3 days and stay at the Chengdu Minyoun Royal Hotel. Please provide us with a travel itinerary.",
    "days": 3,
    "people_number": 3,
    "hard_logic_nl": [
        "旅行天数为3",
        "旅行人数为3",
        "门票或车票数为3",
        "住宿地点为成都明悦大酒店",
        "出租车数为1"
    ]
}