{
    "start_city": "杭州",
    "target_city": "重庆",
    "hard_logic": [
        "days==2",
        "people_number==3",
        "tickets==3",
        "{'东南亚菜'} <= food_type"
    ],
    "hard_logic_py": [
        "result=(day_count(plan)==2)",
        "result=(people_count(plan)==3)",
        "result=True\nfor activity in allactivities(plan):\n  if activity_type(activity) in ['attraction', 'airplane', 'train'] and activity_tickets(activity)!=3: result=False\n  if innercity_transport_type(activity_transports(activity))=='metro'and metro_tickets(activity_transports(activity))!=3: result=False",
        "restaurant_type_set=set()\nfor activity in allactivities(plan):\n  if activity_type(activity) in ['breakfast', 'lunch', 'dinner']: restaurant_type_set.add(restaurant_type(activity, target_city(plan)))\nresult=({'东南亚菜'}<=restaurant_type_set)",
        "result=True\nfor activity in allactivities(plan):\n  if innercity_transport_type(activity_transports(activity))=='taxi'and taxi_cars(activity_transports(activity))!=1: result=False"
    ],
    "tag": "medium",
    "uid": "m20241028164737668149",
    "nature_language": "当前位置杭州。我们三个人想去重庆玩2天，想尝试东南亚菜，请给我们一个旅行规划。",
    "nature_language_en": "Current location: Hangzhou. The three of us want to visit Chongqing for 2 days and would like to try Southeast Asian cuisine. Please provide us with a travel plan.",
    "days": 2,
    "people_number": 3,
    "hard_logic_nl": [
        "旅行天数为2",
        "旅行人数为3",
        "门票或车票数为3",
        "想品尝东南亚菜",
        "出租车数为1"
    ]
}