{
    "start_city": "上海",
    "target_city": "成都",
    "hard_logic": [
        "days==2",
        "people_number==1",
        "tickets==1",
        "{'国土六扇门(浣花北路店)'} <= restaurant_names"
    ],
    "hard_logic_py": [
        "result=(day_count(plan)==2)",
        "result=(people_count(plan)==1)",
        "result=True\nfor activity in allactivities(plan):\n  if activity_type(activity) in ['attraction', 'airplane', 'train'] and activity_tickets(activity)!=1: result=False\n  if innercity_transport_type(activity_transports(activity))=='metro'and metro_tickets(activity_transports(activity))!=1: result=False",
        "restaurant_name_set=set()\nfor activity in allactivities(plan):\n  if activity_type(activity) in ['breakfast', 'lunch', 'dinner']: restaurant_name_set.add(activity_position(activity))\nresult=({'国土六扇门(浣花北路店)'}<=restaurant_name_set)",
        "result=True\nfor activity in allactivities(plan):\n  if innercity_transport_type(activity_transports(activity))=='taxi'and taxi_cars(activity_transports(activity))!=1: result=False"
    ],
    "tag": "medium",
    "uid": "m20241028164906595512",
    "nature_language": "当前位置上海。我一个人想去成都玩2天，想吃浣花北路附近的国土六扇门，请给我一个旅行规划。",
    "nature_language_en": "Current location: Shanghai. I want to travel alone to Chengdu for 2 days and would like to eat at Guotu Liushanmen near Huanhua North Road. Please provide me with a travel plan.",
    "days": 2,
    "people_number": 1,
    "hard_logic_nl": [
        "旅行天数为2",
        "旅行人数为1",
        "门票或车票数为1",
        "想去国土六扇门(浣花北路店)就餐",
        "出租车数为1"
    ]
}