{
    "start_city": "南京",
    "target_city": "上海",
    "hard_logic": [
        "days==3",
        "people_number==4",
        "tickets==4",
        "{'人文景观'}<=spot_type"
    ],
    "hard_logic_py": [
        "result=(day_count(plan)==3)",
        "result=(people_count(plan)==4)",
        "result=True\nfor activity in allactivities(plan):\n  if activity_type(activity) in ['attraction', 'airplane', 'train'] and activity_tickets(activity)!=4: result=False\n  if innercity_transport_type(activity_transports(activity))=='metro'and metro_tickets(activity_transports(activity))!=4: result=False",
        "attraction_type_set=set()\nfor activity in allactivities(plan):\n  if activity_type(activity)=='attraction': attraction_type_set.add(attraction_type(activity, target_city(plan)))\nresult=({'人文景观'}<=attraction_type_set)",
        "result=True\nfor activity in allactivities(plan):\n  if innercity_transport_type(activity_transports(activity))=='taxi'and taxi_cars(activity_transports(activity))!=1: result=False"
    ],
    "tag": "medium",
    "uid": "m20241028164754037833",
    "nature_language": "当前位置南京。我们四个人想去上海玩3天，想去参观人文景观，请给我们一个旅行规划。",
    "nature_language_en": "Current location: Nanjing. Four of us want to visit Shanghai for 3 days to explore cultural and historical sites. Could you please provide us with a travel itinerary?",
    "days": 3,
    "people_number": 4,
    "hard_logic_nl": [
        "旅行天数为3",
        "旅行人数为4",
        "门票或车票数为4",
        "想参观的景点类型为人文景观",
        "出租车数为1"
    ]
}