{
    "start_city": "杭州",
    "target_city": "成都",
    "hard_logic": [
        "days==3",
        "people_number==1",
        "tickets==1",
        "{'鹤鸣茶社(人民公园店)'} <= restaurant_names"
    ],
    "hard_logic_py": [
        "result=(day_count(plan)==3)",
        "result=(people_count(plan)==1)",
        "result=True\nfor activity in allactivities(plan):\n  if activity_type(activity) in ['attraction', 'airplane', 'train'] and activity_tickets(activity)!=1: result=False\n  if innercity_transport_type(activity_transports(activity))=='metro'and metro_tickets(activity_transports(activity))!=1: result=False",
        "restaurant_name_set=set()\nfor activity in allactivities(plan):\n  if activity_type(activity) in ['breakfast', 'lunch', 'dinner']: restaurant_name_set.add(activity_position(activity))\nresult=({'鹤鸣茶社(人民公园店)'}<=restaurant_name_set)",
        "result=True\nfor activity in allactivities(plan):\n  if innercity_transport_type(activity_transports(activity))=='taxi'and taxi_cars(activity_transports(activity))!=1: result=False"
    ],
    "tag": "medium",
    "uid": "m20241028164938643608",
    "nature_language": "当前位置杭州。我一个人想去成都玩3天，想人民公园附近的鹤鸣茶社，请给我一个旅行规划。",
    "nature_language_en": "Current location: Hangzhou. I want to travel alone to Chengdu for 3 days and visit the Heming Teahouse near People's Park. Please provide me with a travel plan.",
    "days": 3,
    "people_number": 1,
    "hard_logic_nl": [
        "旅行天数为3",
        "旅行人数为1",
        "门票或车票数为1",
        "想去鹤鸣茶社(人民公园店)就餐",
        "出租车数为1"
    ]
}