{
    "start_city": "广州",
    "target_city": "南京",
    "hard_logic": [
        "days==3",
        "people_number==3",
        "tickets==3",
        "{'翠贝卡好莱坞电影主题酒吧(王府园路店)'} <= restaurant_names"
    ],
    "hard_logic_py": [
        "result=(day_count(plan)==3)",
        "result=(people_count(plan)==3)",
        "result=True\nfor activity in allactivities(plan):\n  if activity_type(activity) in ['attraction', 'airplane', 'train'] and activity_tickets(activity)!=3: result=False\n  if innercity_transport_type(activity_transports(activity))=='metro'and metro_tickets(activity_transports(activity))!=3: result=False",
        "restaurant_name_set=set()\nfor activity in allactivities(plan):\n  if activity_type(activity) in ['breakfast', 'lunch', 'dinner']: restaurant_name_set.add(activity_position(activity))\nresult=({'翠贝卡好莱坞电影主题酒吧(王府园路店)'}<=restaurant_name_set)",
        "result=True\nfor activity in allactivities(plan):\n  if innercity_transport_type(activity_transports(activity))=='taxi'and taxi_cars(activity_transports(activity))!=1: result=False"
    ],
    "tag": "medium",
    "uid": "m20241028164924049935",
    "nature_language": "当前位置广州。我们三个人想去南京玩3天，想吃翠贝卡好莱坞电影主题酒吧(王府园路店)，请给我们一个旅行规划。",
    "nature_language_en": "Current location: Guangzhou. The three of us want to visit Nanjing for 3 days and would like to dine at the Tribeca Hollywood Movie Theme Bar (Wangfuyuan Road branch). Please provide us with a travel plan.",
    "days": 3,
    "people_number": 3,
    "hard_logic_nl": [
        "旅行天数为3",
        "旅行人数为3",
        "门票或车票数为3",
        "想去翠贝卡好莱坞电影主题酒吧(王府园路店)就餐",
        "出租车数为1"
    ]
}