{
    "start_city": "成都",
    "target_city": "杭州",
    "hard_logic": [
        "days==2",
        "people_number==1",
        "tickets==1",
        "{'杭州钱王开元名都酒店'}<=hotel_names"
    ],
    "hard_logic_py": [
        "result=(day_count(plan)==2)",
        "result=(people_count(plan)==1)",
        "result=True\nfor activity in allactivities(plan):\n  if activity_type(activity) in ['attraction', 'airplane', 'train'] and activity_tickets(activity)!=1: result=False\n  if innercity_transport_type(activity_transports(activity))=='metro'and metro_tickets(activity_transports(activity))!=1: result=False",
        "accommodation_name_set=set()\nfor activity in allactivities(plan):\n  if activity_type(activity)=='accommodation': accommodation_name_set.add(activity_position(activity))\nresult=({'杭州钱王开元名都酒店'}<=accommodation_name_set)",
        "result=True\nfor activity in allactivities(plan):\n  if innercity_transport_type(activity_transports(activity))=='taxi'and taxi_cars(activity_transports(activity))!=1: result=False"
    ],
    "tag": "medium",
    "uid": "m20241028164957253403",
    "nature_language": "我目前在成都，计划独自前往杭州度过两天的假期。并希望入住杭州钱王开元名都酒店。请为我制定一个旅行计划。",
    "nature_language_en": "Sure, here is the translation of your request into English:",
    "days": 2,
    "people_number": 1,
    "hard_logic_nl": [
        "旅行天数为2",
        "旅行人数为1",
        "门票或车票数为1",
        "住宿地点为杭州钱王开元名都酒店",
        "出租车数为1"
    ]
}