{
    "start_city": "南京",
    "target_city": "北京",
    "hard_logic": [
        "days==2",
        "people_number==4",
        "tickets==4",
        "{'海鲜'} <= food_type"
    ],
    "hard_logic_py": [
        "result=(day_count(plan)==2)",
        "result=(people_count(plan)==4)",
        "result=True\nfor activity in allactivities(plan):\n  if activity_type(activity) in ['attraction', 'airplane', 'train'] and activity_tickets(activity)!=4: result=False\n  if innercity_transport_type(activity_transports(activity))=='metro'and metro_tickets(activity_transports(activity))!=4: result=False",
        "restaurant_type_set=set()\nfor activity in allactivities(plan):\n  if activity_type(activity) in ['breakfast', 'lunch', 'dinner']: restaurant_type_set.add(restaurant_type(activity, target_city(plan)))\nresult=({'海鲜'}<=restaurant_type_set)",
        "result=True\nfor activity in allactivities(plan):\n  if innercity_transport_type(activity_transports(activity))=='taxi'and taxi_cars(activity_transports(activity))!=1: result=False"
    ],
    "tag": "medium",
    "uid": "m20241028164648944630",
    "nature_language": "当前位置南京。我们四个人想去北京玩2天，想吃吃海鲜，请给我们一个旅行规划。",
    "nature_language_en": "Current location: Nanjing. Four of us want to go to Beijing for a 2-day trip and would like to eat seafood. Please provide us with a travel plan.",
    "days": 2,
    "people_number": 4,
    "hard_logic_nl": [
        "旅行天数为2",
        "旅行人数为4",
        "门票或车票数为4",
        "想品尝海鲜",
        "出租车数为1"
    ]
}