{
    "start_city": "武汉",
    "target_city": "成都",
    "hard_logic": [
        "days==2",
        "people_number==4",
        "tickets==4",
        "{'成都富力丽思卡尔顿酒店·厅Dining Room'} <= restaurant_names"
    ],
    "hard_logic_py": [
        "result=(day_count(plan)==2)",
        "result=(people_count(plan)==4)",
        "result=True\nfor activity in allactivities(plan):\n  if activity_type(activity) in ['attraction', 'airplane', 'train'] and activity_tickets(activity)!=4: result=False\n  if innercity_transport_type(activity_transports(activity))=='metro'and metro_tickets(activity_transports(activity))!=4: result=False",
        "restaurant_name_set=set()\nfor activity in allactivities(plan):\n  if activity_type(activity) in ['breakfast', 'lunch', 'dinner']: restaurant_name_set.add(activity_position(activity))\nresult=({'成都富力丽思卡尔顿酒店·厅Dining Room'}<=restaurant_name_set)",
        "result=True\nfor activity in allactivities(plan):\n  if innercity_transport_type(activity_transports(activity))=='taxi'and taxi_cars(activity_transports(activity))!=1: result=False"
    ],
    "tag": "medium",
    "uid": "m20241028164945999336",
    "nature_language": "当前位置武汉。我们四个人想去成都玩2天，想吃成都富力丽思卡尔顿酒店·厅Dining Room，请给我们一个旅行规划。",
    "nature_language_en": "Current location: Wuhan. Four of us want to visit Chengdu for 2 days and dine at the Dining Room in the Ritz-Carlton, Chengdu. Please provide us with a travel plan.",
    "days": 2,
    "people_number": 4,
    "hard_logic_nl": [
        "旅行天数为2",
        "旅行人数为4",
        "门票或车票数为4",
        "想去成都富力丽思卡尔顿酒店·厅Dining Room就餐",
        "出租车数为1"
    ]
}