{
    "start_city": "北京",
    "target_city": "重庆",
    "hard_logic": [
        "days==2",
        "people_number==3",
        "tickets==3",
        "{'自然风光'}<=spot_type"
    ],
    "hard_logic_py": [
        "result=(day_count(plan)==2)",
        "result=(people_count(plan)==3)",
        "result=True\nfor activity in allactivities(plan):\n  if activity_type(activity) in ['attraction', 'airplane', 'train'] and activity_tickets(activity)!=3: result=False\n  if innercity_transport_type(activity_transports(activity))=='metro'and metro_tickets(activity_transports(activity))!=3: result=False",
        "attraction_type_set=set()\nfor activity in allactivities(plan):\n  if activity_type(activity)=='attraction': attraction_type_set.add(attraction_type(activity, target_city(plan)))\nresult=({'自然风光'}<=attraction_type_set)",
        "result=True\nfor activity in allactivities(plan):\n  if innercity_transport_type(activity_transports(activity))=='taxi'and taxi_cars(activity_transports(activity))!=1: result=False"
    ],
    "tag": "medium",
    "uid": "m20241028164804685984",
    "nature_language": "当前位置北京。我们三个人想去重庆玩2天，想去看看自然美景，请给我们一个旅行规划。",
    "nature_language_en": "Current location: Beijing. The three of us want to visit Chongqing for 2 days to see some natural scenery. Please provide us with a travel plan.",
    "days": 2,
    "people_number": 3,
    "hard_logic_nl": [
        "旅行天数为2",
        "旅行人数为3",
        "门票或车票数为3",
        "想参观的景点类型为自然风光",
        "出租车数为1"
    ]
}