{
    "start_city": "深圳",
    "target_city": "上海",
    "hard_logic": [
        "days==3",
        "people_number==2",
        "tickets==2",
        "{'上海海洋水族馆'}<=attraction_names"
    ],
    "hard_logic_py": [
        "result=(day_count(plan)==3)",
        "result=(people_count(plan)==2)",
        "result=True\nfor activity in allactivities(plan):\n  if activity_type(activity) in ['attraction', 'airplane', 'train'] and activity_tickets(activity)!=2: result=False\n  if innercity_transport_type(activity_transports(activity))=='metro'and metro_tickets(activity_transports(activity))!=2: result=False",
        "attraction_name_set=set()\nfor activity in allactivities(plan):\n  if activity_type(activity)=='attraction': attraction_name_set.add(activity_position(activity))\nresult=({'上海海洋水族馆'}<=attraction_name_set)",
        "result=True\nfor activity in allactivities(plan):\n  if innercity_transport_type(activity_transports(activity))=='taxi'and taxi_cars(activity_transports(activity))!=1: result=False"
    ],
    "tag": "medium",
    "uid": "m20241028164847353449",
    "nature_language": "当前位置深圳。我和朋友两个人想去上海玩3天，想去海洋水族馆，请给我们一个旅行规划。",
    "nature_language_en": "Current location: Shenzhen. My friend and I want to visit Shanghai for 3 days and we would like to go to the Ocean Aquarium. Could you please provide us with a travel plan?",
    "days": 3,
    "people_number": 2,
    "hard_logic_nl": [
        "旅行天数为3",
        "旅行人数为2",
        "门票或车票数为2",
        "想参观的景点为上海海洋水族馆",
        "出租车数为1"
    ]
}