{
    "start_city": "南京",
    "target_city": "武汉",
    "hard_logic": [
        "days==2",
        "people_number==1",
        "tickets==1",
        "{'美术馆/艺术馆'}<=spot_type"
    ],
    "hard_logic_py": [
        "result=(day_count(plan)==2)",
        "result=(people_count(plan)==1)",
        "result=True\nfor activity in allactivities(plan):\n  if activity_type(activity) in ['attraction', 'airplane', 'train'] and activity_tickets(activity)!=1: result=False\n  if innercity_transport_type(activity_transports(activity))=='metro'and metro_tickets(activity_transports(activity))!=1: result=False",
        "attraction_type_set=set()\nfor activity in allactivities(plan):\n  if activity_type(activity)=='attraction': attraction_type_set.add(attraction_type(activity, target_city(plan)))\nresult=({'美术馆/艺术馆'}<=attraction_type_set)",
        "result=True\nfor activity in allactivities(plan):\n  if innercity_transport_type(activity_transports(activity))=='taxi'and taxi_cars(activity_transports(activity))!=1: result=False"
    ],
    "tag": "medium",
    "uid": "m20241028164628014228",
    "nature_language": "我目前在南京，计划一个人去武汉玩两天，想参观一些美术馆，请帮我规划一个旅行路线。",
    "nature_language_en": "Sure, here is the translation of your text into English:",
    "days": 2,
    "people_number": 1,
    "hard_logic_nl": [
        "旅行天数为2",
        "旅行人数为1",
        "门票或车票数为1",
        "想参观的景点类型为美术馆/艺术馆",
        "出租车数为1"
    ]
}