{
    "start_city": "北京",
    "target_city": "武汉",
    "hard_logic": [
        "days==2",
        "people_number==4",
        "tickets==4",
        "{'金泰酒店(武汉世界城光谷步行街华中科技大学店)'}<=hotel_names"
    ],
    "hard_logic_py": [
        "result=(day_count(plan)==2)",
        "result=(people_count(plan)==4)",
        "result=True\nfor activity in allactivities(plan):\n  if activity_type(activity) in ['attraction', 'airplane', 'train'] and activity_tickets(activity)!=4: result=False\n  if innercity_transport_type(activity_transports(activity))=='metro'and metro_tickets(activity_transports(activity))!=4: result=False",
        "accommodation_name_set=set()\nfor activity in allactivities(plan):\n  if activity_type(activity)=='accommodation': accommodation_name_set.add(activity_position(activity))\nresult=({'金泰酒店(武汉世界城光谷步行街华中科技大学店)'}<=accommodation_name_set)",
        "result=True\nfor activity in allactivities(plan):\n  if innercity_transport_type(activity_transports(activity))=='taxi'and taxi_cars(activity_transports(activity))!=1: result=False"
    ],
    "tag": "medium",
    "uid": "m20241028165027206780",
    "nature_language": "当前位置北京。我们四个人想去武汉玩2天，住在华中科技大学附近的金泰酒店，请给我们一个旅行规划。",
    "nature_language_en": "Current location: Beijing. Four of us want to visit Wuhan for 2 days and stay at the Jintai Hotel near Huazhong University of Science and Technology. Please provide us with a travel plan.",
    "days": 2,
    "people_number": 4,
    "hard_logic_nl": [
        "旅行天数为2",
        "旅行人数为4",
        "门票或车票数为4",
        "住宿地点为金泰酒店(武汉世界城光谷步行街华中科技大学店)",
        "出租车数为1"
    ]
}