{
    "start_city": "深圳",
    "target_city": "杭州",
    "hard_logic": [
        "days==3",
        "people_number==2",
        "tickets==2",
        "{'乔村二十八道(钱江世纪城店)'} <= restaurant_names"
    ],
    "hard_logic_py": [
        "result=(day_count(plan)==3)",
        "result=(people_count(plan)==2)",
        "result=True\nfor activity in allactivities(plan):\n  if activity_type(activity) in ['attraction', 'airplane', 'train'] and activity_tickets(activity)!=2: result=False\n  if innercity_transport_type(activity_transports(activity))=='metro'and metro_tickets(activity_transports(activity))!=2: result=False",
        "restaurant_name_set=set()\nfor activity in allactivities(plan):\n  if activity_type(activity) in ['breakfast', 'lunch', 'dinner']: restaurant_name_set.add(activity_position(activity))\nresult=({'乔村二十八道(钱江世纪城店)'}<=restaurant_name_set)",
        "result=True\nfor activity in allactivities(plan):\n  if innercity_transport_type(activity_transports(activity))=='taxi'and taxi_cars(activity_transports(activity))!=1: result=False"
    ],
    "tag": "medium",
    "uid": "m20241028164920226613",
    "nature_language": "当前位置深圳。我和朋友两个人想去杭州玩3天，想吃乔村二十八道，钱江世纪城附近，请给我们一个旅行规划。",
    "nature_language_en": "Current location: Shenzhen. My friend and I want to visit Hangzhou for 3 days. We want to eat at Qiaocun 28 Dao and visit the area near Qianjiang Century City. Please provide us with a travel plan.",
    "days": 3,
    "people_number": 2,
    "hard_logic_nl": [
        "旅行天数为3",
        "旅行人数为2",
        "门票或车票数为2",
        "想去乔村二十八道(钱江世纪城店)就餐",
        "出租车数为1"
    ]
}