{
    "start_city": "成都",
    "target_city": "重庆",
    "hard_logic": [
        "days==3",
        "people_number==1",
        "tickets==1",
        "{'美术馆/艺术馆'}<=spot_type"
    ],
    "hard_logic_py": [
        "result=(day_count(plan)==3)",
        "result=(people_count(plan)==1)",
        "result=True\nfor activity in allactivities(plan):\n  if activity_type(activity) in ['attraction', 'airplane', 'train'] and activity_tickets(activity)!=1: result=False\n  if innercity_transport_type(activity_transports(activity))=='metro'and metro_tickets(activity_transports(activity))!=1: result=False",
        "attraction_type_set=set()\nfor activity in allactivities(plan):\n  if activity_type(activity)=='attraction': attraction_type_set.add(attraction_type(activity, target_city(plan)))\nresult=({'美术馆/艺术馆'}<=attraction_type_set)",
        "result=True\nfor activity in allactivities(plan):\n  if innercity_transport_type(activity_transports(activity))=='taxi'and taxi_cars(activity_transports(activity))!=1: result=False"
    ],
    "tag": "medium",
    "uid": "m20241028164631458440",
    "nature_language": "当前位置成都。我一个人想去重庆玩3天，想去参观一些美术馆，请给我一个旅行规划。",
    "nature_language_en": "Sure! Here is the translation of your request into English:",
    "days": 3,
    "people_number": 1,
    "hard_logic_nl": [
        "旅行天数为3",
        "旅行人数为1",
        "门票或车票数为1",
        "想参观的景点类型为美术馆/艺术馆",
        "出租车数为1"
    ]
}