{
    "start_city": "南京",
    "target_city": "深圳",
    "hard_logic": [
        "days==3",
        "people_number==4",
        "tickets==4",
        "{'农畉LONFOOD(卓悦中心店)'} <= restaurant_names"
    ],
    "hard_logic_py": [
        "result=(day_count(plan)==3)",
        "result=(people_count(plan)==4)",
        "result=True\nfor activity in allactivities(plan):\n  if activity_type(activity) in ['attraction', 'airplane', 'train'] and activity_tickets(activity)!=4: result=False\n  if innercity_transport_type(activity_transports(activity))=='metro'and metro_tickets(activity_transports(activity))!=4: result=False",
        "restaurant_name_set=set()\nfor activity in allactivities(plan):\n  if activity_type(activity) in ['breakfast', 'lunch', 'dinner']: restaurant_name_set.add(activity_position(activity))\nresult=({'农畉LONFOOD(卓悦中心店)'}<=restaurant_name_set)",
        "result=True\nfor activity in allactivities(plan):\n  if innercity_transport_type(activity_transports(activity))=='taxi'and taxi_cars(activity_transports(activity))!=1: result=False"
    ],
    "tag": "medium",
    "uid": "m20241028164909526065",
    "nature_language": "当前位置南京。我们四个人想去深圳玩3天，想吃卓悦中心的农畉LONFOOD，请给我们一个旅行规划。",
    "nature_language_en": "Current location: Nanjing. Four of us want to visit Shenzhen for 3 days and would like to dine at LONFOOD in the Excellence Century Center. Please provide us with a travel plan.",
    "days": 3,
    "people_number": 4,
    "hard_logic_nl": [
        "旅行天数为3",
        "旅行人数为4",
        "门票或车票数为4",
        "想去农畉LONFOOD(卓悦中心店)就餐",
        "出租车数为1"
    ]
}