{
    "start_city": "深圳",
    "target_city": "上海",
    "hard_logic": [
        "days==3",
        "people_number==3",
        "tickets==3",
        "rooms==2",
        "room_type==2",
        "{'历史名宅'}<=hotel_feature"
    ],
    "hard_logic_py": [
        "result=(day_count(plan)==3)",
        "result=(people_count(plan)==3)",
        "result=True\nfor activity in allactivities(plan):\n  if activity_type(activity) in ['attraction', 'airplane', 'train'] and activity_tickets(activity)!=3: result=False\n  if innercity_transport_type(activity_transports(activity))=='metro'and metro_tickets(activity_transports(activity))!=3: result=False",
        "result=True\nfor activity in allactivities(plan):\n  if activity_type(activity)=='accommodation' and room_count(activity)!=2: result=False",
        "result=True\nfor activity in allactivities(plan):\n  if activity_type(activity)=='accommodation' and room_type(activity)!=2: result=False",
        "accommodation_type_set=set()\nfor activity in allactivities(plan):\n  if activity_type(activity) == 'accommodation': accommodation_type_set.add(accommodation_type(activity, target_city(plan)))\nresult=({'历史名宅'}<=accommodation_type_set)",
        "result=True\nfor activity in allactivities(plan):\n  if innercity_transport_type(activity_transports(activity))=='taxi'and taxi_cars(activity_transports(activity))!=1: result=False"
    ],
    "tag": "medium",
    "uid": "m20241028164711515367",
    "nature_language": "当前位置深圳。我们三个人想去上海玩3天，住两间双床房，酒店要是有历史名宅的感觉，请给我一个旅行规划。",
    "nature_language_en": "Current location: Shenzhen. The three of us want to visit Shanghai for 3 days and stay in two twin-bed rooms. We would like the hotel to have a historic mansion feel. Please provide me with a travel plan.",
    "days": 3,
    "people_number": 3,
    "hard_logic_nl": [
        "旅行天数为3",
        "旅行人数为3",
        "门票或车票数为3",
        "开2间房",
        "住标间",
        "住宿为以下指定类型或有相关服务: 历史名宅",
        "出租车数为1"
    ]
}