{
    "start_city": "上海",
    "target_city": "广州",
    "hard_logic": [
        "days==3",
        "people_number==3",
        "tickets==3",
        "{'广州粤大金融城国际酒店'}<=hotel_names"
    ],
    "hard_logic_py": [
        "result=(day_count(plan)==3)",
        "result=(people_count(plan)==3)",
        "result=True\nfor activity in allactivities(plan):\n  if activity_type(activity) in ['attraction', 'airplane', 'train'] and activity_tickets(activity)!=3: result=False\n  if innercity_transport_type(activity_transports(activity))=='metro'and metro_tickets(activity_transports(activity))!=3: result=False",
        "accommodation_name_set=set()\nfor activity in allactivities(plan):\n  if activity_type(activity)=='accommodation': accommodation_name_set.add(activity_position(activity))\nresult=({'广州粤大金融城国际酒店'}<=accommodation_name_set)",
        "result=True\nfor activity in allactivities(plan):\n  if innercity_transport_type(activity_transports(activity))=='taxi'and taxi_cars(activity_transports(activity))!=1: result=False"
    ],
    "tag": "medium",
    "uid": "m20241028164953193047",
    "nature_language": "我目前在上海，计划和两个朋友一起去广州玩三天，酒店希望是广州粤大金融城国际酒店，请帮我们规划一个旅行方案。",
    "nature_language_en": "Sure, here is the translation of your request into English:",
    "days": 3,
    "people_number": 3,
    "hard_logic_nl": [
        "旅行天数为3",
        "旅行人数为3",
        "门票或车票数为3",
        "住宿地点为广州粤大金融城国际酒店",
        "出租车数为1"
    ]
}