{
    "start_city": "广州",
    "target_city": "上海",
    "hard_logic": [
        "days==2",
        "people_number==3",
        "tickets==3",
        "{'徐家汇天主教堂'}<=attraction_names"
    ],
    "hard_logic_py": [
        "result=(day_count(plan)==2)",
        "result=(people_count(plan)==3)",
        "result=True\nfor activity in allactivities(plan):\n  if activity_type(activity) in ['attraction', 'airplane', 'train'] and activity_tickets(activity)!=3: result=False\n  if innercity_transport_type(activity_transports(activity))=='metro'and metro_tickets(activity_transports(activity))!=3: result=False",
        "attraction_name_set=set()\nfor activity in allactivities(plan):\n  if activity_type(activity)=='attraction': attraction_name_set.add(activity_position(activity))\nresult=({'徐家汇天主教堂'}<=attraction_name_set)",
        "result=True\nfor activity in allactivities(plan):\n  if innercity_transport_type(activity_transports(activity))=='taxi'and taxi_cars(activity_transports(activity))!=1: result=False"
    ],
    "tag": "medium",
    "uid": "m20241028164839232455",
    "nature_language": "当前位置广州。我们三个人想去上海玩2天，想去徐家汇天主教堂，请给我们一个旅行规划。",
    "nature_language_en": "Current location: Guangzhou. The three of us want to visit Shanghai for 2 days and would like to go to the Xujiahui Catholic Church. Please provide us with a travel plan.",
    "days": 2,
    "people_number": 3,
    "hard_logic_nl": [
        "旅行天数为2",
        "旅行人数为3",
        "门票或车票数为3",
        "想参观的景点为徐家汇天主教堂",
        "出租车数为1"
    ]
}