{
    "start_city": "成都",
    "target_city": "北京",
    "hard_logic": [
        "days==2",
        "people_number==3",
        "tickets==3",
        "{'红色景点'}<=spot_type"
    ],
    "hard_logic_py": [
        "result=(day_count(plan)==2)",
        "result=(people_count(plan)==3)",
        "result=True\nfor activity in allactivities(plan):\n  if activity_type(activity) in ['attraction', 'airplane', 'train'] and activity_tickets(activity)!=3: result=False\n  if innercity_transport_type(activity_transports(activity))=='metro'and metro_tickets(activity_transports(activity))!=3: result=False",
        "attraction_type_set=set()\nfor activity in allactivities(plan):\n  if activity_type(activity)=='attraction': attraction_type_set.add(attraction_type(activity, target_city(plan)))\nresult=({'红色景点'}<=attraction_type_set)",
        "result=True\nfor activity in allactivities(plan):\n  if innercity_transport_type(activity_transports(activity))=='taxi'and taxi_cars(activity_transports(activity))!=1: result=False"
    ],
    "tag": "medium",
    "uid": "m20241028164745025235",
    "nature_language": "当前位置成都。我们三个人想去北京玩2天，想去参观一些红色景点，请给我们一个旅行规划。",
    "nature_language_en": "Current location: Chengdu. The three of us want to visit Beijing for 2 days and would like to see some historical revolutionary sites. Could you please provide us with a travel plan?",
    "days": 2,
    "people_number": 3,
    "hard_logic_nl": [
        "旅行天数为2",
        "旅行人数为3",
        "门票或车票数为3",
        "想参观的景点类型为红色景点",
        "出租车数为1"
    ]
}