{
    "start_city": "上海",
    "target_city": "北京",
    "hard_logic": [
        "days==3",
        "people_number==3",
        "tickets==3",
        "{'历史古迹'}<=spot_type"
    ],
    "hard_logic_py": [
        "result=(day_count(plan)==3)",
        "result=(people_count(plan)==3)",
        "result=True\nfor activity in allactivities(plan):\n  if activity_type(activity) in ['attraction', 'airplane', 'train'] and activity_tickets(activity)!=3: result=False\n  if innercity_transport_type(activity_transports(activity))=='metro'and metro_tickets(activity_transports(activity))!=3: result=False",
        "attraction_type_set=set()\nfor activity in allactivities(plan):\n  if activity_type(activity)=='attraction': attraction_type_set.add(attraction_type(activity, target_city(plan)))\nresult=({'历史古迹'}<=attraction_type_set)",
        "result=True\nfor activity in allactivities(plan):\n  if innercity_transport_type(activity_transports(activity))=='taxi'and taxi_cars(activity_transports(activity))!=1: result=False"
    ],
    "tag": "medium",
    "uid": "m20241028164800617250",
    "nature_language": "我目前在上海，计划和两个朋友一起去北京玩三天，我们想参观一些有历史感的景点，请帮我们规划一下行程。",
    "nature_language_en": "Sure! Here is the translation of your text into English:",
    "days": 3,
    "people_number": 3,
    "hard_logic_nl": [
        "旅行天数为3",
        "旅行人数为3",
        "门票或车票数为3",
        "想参观的景点类型为历史古迹",
        "出租车数为1"
    ]
}