{
    "start_city": "南京",
    "target_city": "重庆",
    "hard_logic": [
        "days==3",
        "people_number==4",
        "tickets==4",
        "rooms==2",
        "room_type==2",
        "{'湖景房'}<=hotel_feature"
    ],
    "hard_logic_py": [
        "result=(day_count(plan)==3)",
        "result=(people_count(plan)==4)",
        "result=True\nfor activity in allactivities(plan):\n  if activity_type(activity) in ['attraction', 'airplane', 'train'] and activity_tickets(activity)!=4: result=False\n  if innercity_transport_type(activity_transports(activity))=='metro'and metro_tickets(activity_transports(activity))!=4: result=False",
        "result=True\nfor activity in allactivities(plan):\n  if activity_type(activity)=='accommodation' and room_count(activity)!=2: result=False",
        "result=True\nfor activity in allactivities(plan):\n  if activity_type(activity)=='accommodation' and room_type(activity)!=2: result=False",
        "accommodation_type_set=set()\nfor activity in allactivities(plan):\n  if activity_type(activity) == 'accommodation': accommodation_type_set.add(accommodation_type(activity, target_city(plan)))\nresult=({'湖景房'}<=accommodation_type_set)",
        "result=True\nfor activity in allactivities(plan):\n  if innercity_transport_type(activity_transports(activity))=='taxi'and taxi_cars(activity_transports(activity))!=1: result=False"
    ],
    "tag": "medium",
    "uid": "m20241028164717588104",
    "nature_language": "当前位置南京。我们四个人想去重庆玩3天，住两间双床房，酒店要可以看到湖景，请给我一个旅行规划。",
    "nature_language_en": "Current location: Nanjing. Four of us want to visit Chongqing for 3 days and stay in two twin-bed rooms. The hotel should have a lake view. Please provide me with a travel plan.",
    "days": 3,
    "people_number": 4,
    "hard_logic_nl": [
        "旅行天数为3",
        "旅行人数为4",
        "门票或车票数为4",
        "开2间房",
        "住标间",
        "住宿为以下指定类型或有相关服务: 湖景房",
        "出租车数为1"
    ]
}