{
    "start_city": "杭州",
    "target_city": "成都",
    "hard_logic": [
        "days==3",
        "people_number==2",
        "tickets==2",
        "rooms==1",
        "room_type==2",
        "{'健身室'}<=hotel_feature"
    ],
    "hard_logic_py": [
        "result=(day_count(plan)==3)",
        "result=(people_count(plan)==2)",
        "result=True\nfor activity in allactivities(plan):\n  if activity_type(activity) in ['attraction', 'airplane', 'train'] and activity_tickets(activity)!=2: result=False\n  if innercity_transport_type(activity_transports(activity))=='metro'and metro_tickets(activity_transports(activity))!=2: result=False",
        "result=True\nfor activity in allactivities(plan):\n  if activity_type(activity)=='accommodation' and room_count(activity)!=1: result=False",
        "result=True\nfor activity in allactivities(plan):\n  if activity_type(activity)=='accommodation' and room_type(activity)!=2: result=False",
        "accommodation_type_set=set()\nfor activity in allactivities(plan):\n  if activity_type(activity) == 'accommodation': accommodation_type_set.add(accommodation_type(activity, target_city(plan)))\nresult=({'健身室'}<=accommodation_type_set)",
        "result=True\nfor activity in allactivities(plan):\n  if innercity_transport_type(activity_transports(activity))=='taxi'and taxi_cars(activity_transports(activity))!=1: result=False"
    ],
    "tag": "medium",
    "uid": "m20241028164815894420",
    "nature_language": "当前位置杭州。我和朋友两个人想去成都玩3天，住一间双床房，酒店要可以健身，请给我一个旅行规划。",
    "nature_language_en": "Current location: Hangzhou. My friend and I want to go to Chengdu for 3 days and stay in a twin room. The hotel should have a gym. Please provide me with a travel plan.",
    "days": 3,
    "people_number": 2,
    "hard_logic_nl": [
        "旅行天数为3",
        "旅行人数为2",
        "门票或车票数为2",
        "开1间房",
        "住标间",
        "住宿为以下指定类型或有相关服务: 健身室",
        "出租车数为1"
    ]
}