{
    "start_city": "深圳",
    "target_city": "广州",
    "hard_logic": [
        "days==3",
        "people_number==1",
        "tickets==1",
        "rooms==1",
        "room_type==1",
        "{'智能客控'}<=hotel_feature"
    ],
    "hard_logic_py": [
        "result=(day_count(plan)==3)",
        "result=(people_count(plan)==1)",
        "result=True\nfor activity in allactivities(plan):\n  if activity_type(activity) in ['attraction', 'airplane', 'train'] and activity_tickets(activity)!=1: result=False\n  if innercity_transport_type(activity_transports(activity))=='metro'and metro_tickets(activity_transports(activity))!=1: result=False",
        "result=True\nfor activity in allactivities(plan):\n  if activity_type(activity)=='accommodation' and room_count(activity)!=1: result=False",
        "result=True\nfor activity in allactivities(plan):\n  if activity_type(activity)=='accommodation' and room_type(activity)!=1: result=False",
        "accommodation_type_set=set()\nfor activity in allactivities(plan):\n  if activity_type(activity) == 'accommodation': accommodation_type_set.add(accommodation_type(activity, target_city(plan)))\nresult=({'智能客控'}<=accommodation_type_set)",
        "result=True\nfor activity in allactivities(plan):\n  if innercity_transport_type(activity_transports(activity))=='taxi'and taxi_cars(activity_transports(activity))!=1: result=False"
    ],
    "tag": "medium",
    "uid": "m20241028164820407247",
    "nature_language": "当前位置深圳。我一个人想去广州玩3天，住一间大床房，酒店要可以智能控制房间设备，请给我一个旅行规划。",
    "nature_language_en": "Current location: Shenzhen. I want to go to Guangzhou alone for 3 days and stay in a hotel with a king-size bed that has smart room control features. Please provide me with a travel plan.",
    "days": 3,
    "people_number": 1,
    "hard_logic_nl": [
        "旅行天数为3",
        "旅行人数为1",
        "门票或车票数为1",
        "开1间房",
        "住大床房",
        "住宿为以下指定类型或有相关服务: 智能客控",
        "出租车数为1"
    ]
}