{
    "start_city": "北京",
    "target_city": "武汉",
    "hard_logic": [
        "days==3",
        "people_number==2",
        "tickets==2",
        "{'博物馆/纪念馆'}<=spot_type"
    ],
    "hard_logic_py": [
        "result=(day_count(plan)==3)",
        "result=(people_count(plan)==2)",
        "result=True\nfor activity in allactivities(plan):\n  if activity_type(activity) in ['attraction', 'airplane', 'train'] and activity_tickets(activity)!=2: result=False\n  if innercity_transport_type(activity_transports(activity))=='metro'and metro_tickets(activity_transports(activity))!=2: result=False",
        "attraction_type_set=set()\nfor activity in allactivities(plan):\n  if activity_type(activity)=='attraction': attraction_type_set.add(attraction_type(activity, target_city(plan)))\nresult=({'博物馆/纪念馆'}<=attraction_type_set)",
        "result=True\nfor activity in allactivities(plan):\n  if innercity_transport_type(activity_transports(activity))=='taxi'and taxi_cars(activity_transports(activity))!=1: result=False"
    ],
    "tag": "medium",
    "uid": "m20241028164759233559",
    "nature_language": "当前位置北京。我和朋友两个人想去武汉玩3天，想去参观博物馆或者纪念馆，请给我们一个旅行规划。",
    "nature_language_en": "Current location: Beijing. My friend and I want to visit Wuhan for 3 days. We would like to visit museums or memorial halls. Please provide us with a travel plan.",
    "days": 3,
    "people_number": 2,
    "hard_logic_nl": [
        "旅行天数为3",
        "旅行人数为2",
        "门票或车票数为2",
        "想参观的景点类型为博物馆/纪念馆",
        "出租车数为1"
    ]
}