{
    "start_city": "重庆",
    "target_city": "武汉",
    "hard_logic": [
        "days==2",
        "people_number==3",
        "tickets==3",
        "{'武汉黄鹤楼首义广场漫心酒店'}<=hotel_names"
    ],
    "hard_logic_py": [
        "result=(day_count(plan)==2)",
        "result=(people_count(plan)==3)",
        "result=True\nfor activity in allactivities(plan):\n  if activity_type(activity) in ['attraction', 'airplane', 'train'] and activity_tickets(activity)!=3: result=False\n  if innercity_transport_type(activity_transports(activity))=='metro'and metro_tickets(activity_transports(activity))!=3: result=False",
        "accommodation_name_set=set()\nfor activity in allactivities(plan):\n  if activity_type(activity)=='accommodation': accommodation_name_set.add(activity_position(activity))\nresult=({'武汉黄鹤楼首义广场漫心酒店'}<=accommodation_name_set)",
        "result=True\nfor activity in allactivities(plan):\n  if innercity_transport_type(activity_transports(activity))=='taxi'and taxi_cars(activity_transports(activity))!=1: result=False"
    ],
    "tag": "medium",
    "uid": "m20241028165022784704",
    "nature_language": "我目前在重庆，计划和两个朋友一起去武汉玩两天。并且希望住在武汉黄鹤楼首义广场漫心酒店。请帮我们规划一个旅行计划。",
    "nature_language_en": "Sure, here is the translation of your request into English:",
    "days": 2,
    "people_number": 3,
    "hard_logic_nl": [
        "旅行天数为2",
        "旅行人数为3",
        "门票或车票数为3",
        "住宿地点为武汉黄鹤楼首义广场漫心酒店",
        "出租车数为1"
    ]
}