{
    "start_city": "成都",
    "target_city": "武汉",
    "hard_logic": [
        "days==2",
        "people_number==2",
        "tickets==2",
        "{'湖北菜'} <= food_type"
    ],
    "hard_logic_py": [
        "result=(day_count(plan)==2)",
        "result=(people_count(plan)==2)",
        "result=True\nfor activity in allactivities(plan):\n  if activity_type(activity) in ['attraction', 'airplane', 'train'] and activity_tickets(activity)!=2: result=False\n  if innercity_transport_type(activity_transports(activity))=='metro'and metro_tickets(activity_transports(activity))!=2: result=False",
        "restaurant_type_set=set()\nfor activity in allactivities(plan):\n  if activity_type(activity) in ['breakfast', 'lunch', 'dinner']: restaurant_type_set.add(restaurant_type(activity, target_city(plan)))\nresult=({'湖北菜'}<=restaurant_type_set)",
        "result=True\nfor activity in allactivities(plan):\n  if innercity_transport_type(activity_transports(activity))=='taxi'and taxi_cars(activity_transports(activity))!=1: result=False"
    ],
    "tag": "medium",
    "uid": "m20241028164647615645",
    "nature_language": "当前位置成都。我和朋友两个人想去武汉玩2天，想尝试湖北菜，请给我们一个旅行规划。",
    "nature_language_en": "Current location: Chengdu. My friend and I want to visit Wuhan for 2 days and try Hubei cuisine. Could you please provide us with a travel plan?",
    "days": 2,
    "people_number": 2,
    "hard_logic_nl": [
        "旅行天数为2",
        "旅行人数为2",
        "门票或车票数为2",
        "想品尝湖北菜",
        "出租车数为1"
    ]
}