{
    "start_city": "深圳",
    "target_city": "武汉",
    "hard_logic": [
        "days==3",
        "people_number==1",
        "tickets==1",
        "{'尊宝比萨(万科城花店)'} <= restaurant_names"
    ],
    "hard_logic_py": [
        "result=(day_count(plan)==3)",
        "result=(people_count(plan)==1)",
        "result=True\nfor activity in allactivities(plan):\n  if activity_type(activity) in ['attraction', 'airplane', 'train'] and activity_tickets(activity)!=1: result=False\n  if innercity_transport_type(activity_transports(activity))=='metro'and metro_tickets(activity_transports(activity))!=1: result=False",
        "restaurant_name_set=set()\nfor activity in allactivities(plan):\n  if activity_type(activity) in ['breakfast', 'lunch', 'dinner']: restaurant_name_set.add(activity_position(activity))\nresult=({'尊宝比萨(万科城花店)'}<=restaurant_name_set)",
        "result=True\nfor activity in allactivities(plan):\n  if innercity_transport_type(activity_transports(activity))=='taxi'and taxi_cars(activity_transports(activity))!=1: result=False"
    ],
    "tag": "medium",
    "uid": "m20241028164932051734",
    "nature_language": "当前位置深圳。我一个人想去武汉玩3天，想吃尊宝比萨(万科城花店)，请给我一个旅行规划。",
    "nature_language_en": "Current location: Shenzhen. I want to travel alone to Wuhan for 3 days and would like to eat at Zunbao Pizza (Vanke City Flower Shop). Please provide me with a travel plan.",
    "days": 3,
    "people_number": 1,
    "hard_logic_nl": [
        "旅行天数为3",
        "旅行人数为1",
        "门票或车票数为1",
        "想去尊宝比萨(万科城花店)就餐",
        "出租车数为1"
    ]
}