{
    "start_city": "广州",
    "target_city": "深圳",
    "hard_logic": [
        "days==3",
        "people_number==2",
        "tickets==2",
        "{'小吃'} <= food_type"
    ],
    "hard_logic_py": [
        "result=(day_count(plan)==3)",
        "result=(people_count(plan)==2)",
        "result=True\nfor activity in allactivities(plan):\n  if activity_type(activity) in ['attraction', 'airplane', 'train'] and activity_tickets(activity)!=2: result=False\n  if innercity_transport_type(activity_transports(activity))=='metro'and metro_tickets(activity_transports(activity))!=2: result=False",
        "restaurant_type_set=set()\nfor activity in allactivities(plan):\n  if activity_type(activity) in ['breakfast', 'lunch', 'dinner']: restaurant_type_set.add(restaurant_type(activity, target_city(plan)))\nresult=({'小吃'}<=restaurant_type_set)",
        "result=True\nfor activity in allactivities(plan):\n  if innercity_transport_type(activity_transports(activity))=='taxi'and taxi_cars(activity_transports(activity))!=1: result=False"
    ],
    "tag": "medium",
    "uid": "m20241028164645261270",
    "nature_language": "当前位置广州。我和朋友两个人想去深圳玩3天，想尝试当地的小吃，请给我们一个旅行规划。",
    "nature_language_en": "Current location: Guangzhou. My friend and I want to visit Shenzhen for 3 days and try the local snacks. Could you please provide us with a travel plan?",
    "days": 3,
    "people_number": 2,
    "hard_logic_nl": [
        "旅行天数为3",
        "旅行人数为2",
        "门票或车票数为2",
        "想品尝小吃",
        "出租车数为1"
    ]
}