{
    "start_city": "重庆",
    "target_city": "成都",
    "hard_logic": [
        "days==3",
        "people_number==1",
        "tickets==1",
        "{'大学校园'}<=spot_type"
    ],
    "hard_logic_py": [
        "result=(day_count(plan)==3)",
        "result=(people_count(plan)==1)",
        "result=True\nfor activity in allactivities(plan):\n  if activity_type(activity) in ['attraction', 'airplane', 'train'] and activity_tickets(activity)!=1: result=False\n  if innercity_transport_type(activity_transports(activity))=='metro'and metro_tickets(activity_transports(activity))!=1: result=False",
        "attraction_type_set=set()\nfor activity in allactivities(plan):\n  if activity_type(activity)=='attraction': attraction_type_set.add(attraction_type(activity, target_city(plan)))\nresult=({'大学校园'}<=attraction_type_set)",
        "result=True\nfor activity in allactivities(plan):\n  if innercity_transport_type(activity_transports(activity))=='taxi'and taxi_cars(activity_transports(activity))!=1: result=False"
    ],
    "tag": "medium",
    "uid": "m20241028164748425604",
    "nature_language": "当前位置重庆。我一个人想去成都玩3天，想去大学校园参观，请给我一个旅行规划。",
    "nature_language_en": "Current location: Chongqing. I want to visit Chengdu alone for 3 days and would like to tour some university campuses. Please provide me with a travel plan.",
    "days": 3,
    "people_number": 1,
    "hard_logic_nl": [
        "旅行天数为3",
        "旅行人数为1",
        "门票或车票数为1",
        "想参观的景点类型为大学校园",
        "出租车数为1"
    ]
}