{
    "start_city": "重庆",
    "target_city": "成都",
    "hard_logic": [
        "days==2",
        "people_number==3",
        "tickets==3",
        "intercity_transport=={'train'}"
    ],
    "hard_logic_py": [
        "result=(day_count(plan)==2)",
        "result=(people_count(plan)==3)",
        "result=True\nfor activity in allactivities(plan):\n  if activity_type(activity) in ['attraction', 'airplane', 'train'] and activity_tickets(activity)!=3: result=False\n  if innercity_transport_type(activity_transports(activity))=='metro'and metro_tickets(activity_transports(activity))!=3: result=False",
        "intercity_transport_set=set()\nfor activity in allactivities(plan):\n  if activity_type(activity) in ['train', 'airplane']: intercity_transport_set.add(intercity_transport_type(activity))\nresult=({'train'}==intercity_transport_set)",
        "result=True\nfor activity in allactivities(plan):\n  if innercity_transport_type(activity_transports(activity))=='taxi'and taxi_cars(activity_transports(activity))!=1: result=False"
    ],
    "tag": "transport",
    "uid": "t20241206172005248006",
    "nature_language": "当前位置重庆。我三个人想去成都玩2天，坐火车往返，麻烦给我一个旅行规划。",
    "nature_language_en": "Current location: Chongqing. Three of us want to visit Chengdu for 2 days. We plan to travel round-trip by train. Could you please provide a travel itinerary for us?",
    "days": 2,
    "people_number": 3,
    "hard_logic_nl": [
        "旅行天数为2",
        "旅行人数为3",
        "门票或车票数为3",
        "跨城交通方式为train",
        "出租车数为1"
    ]
}