{
    "start_city": "重庆",
    "target_city": "上海",
    "people_number": 2,
    "days": 2,
    "hard_logic": [
        "days==2",
        "people_number==2",
        "intercity_transport=={'airplane'}",
        "tickets==2"
    ],
    "hard_logic_py": [
        "result=(day_count(plan)==2)",
        "result=(people_count(plan)==2)",
        "intercity_transport_set=set()\nfor activity in allactivities(plan):\n  if activity_type(activity) in ['train', 'airplane']: intercity_transport_set.add(intercity_transport_type(activity))\nresult=({'airplane'}==intercity_transport_set)",
        "result=True\nfor activity in allactivities(plan):\n  if activity_type(activity) in ['attraction', 'airplane', 'train'] and activity_tickets(activity)!=2: result=False\n  if innercity_transport_type(activity_transports(activity))=='metro'and metro_tickets(activity_transports(activity))!=2: result=False",
        "result=True\nfor activity in allactivities(plan):\n  if innercity_transport_type(activity_transports(activity))=='taxi'and taxi_cars(activity_transports(activity))!=1: result=False"
    ],
    "tag": "transport",
    "uid": "t20241206211714066294",
    "nature_language": "当前位置重庆。我和朋友计划去上海玩两天，选择飞机出行。请给我一个旅行规划。",
    "nature_language_en": "Current location: Chongqing. My friend and I are planning to visit Shanghai for two days. We have chosen to travel by plane. Please provide me with a travel itinerary.",
    "hard_logic_nl": [
        "旅行天数为2",
        "旅行人数为2",
        "跨城交通方式为airplane",
        "门票或车票数为2",
        "出租车数为1"
    ]
}