{
    "start_city": "北京",
    "target_city": "重庆",
    "people_number": 1,
    "days": 2,
    "hard_logic": [
        "days==2",
        "people_number==1",
        "intercity_transport=={'train'}",
        "tickets==1"
    ],
    "hard_logic_py": [
        "result=(day_count(plan)==2)",
        "result=(people_count(plan)==1)",
        "intercity_transport_set=set()\nfor activity in allactivities(plan):\n  if activity_type(activity) in ['train', 'airplane']: intercity_transport_set.add(intercity_transport_type(activity))\nresult=({'train'}==intercity_transport_set)",
        "result=True\nfor activity in allactivities(plan):\n  if activity_type(activity) in ['attraction', 'airplane', 'train'] and activity_tickets(activity)!=1: result=False\n  if innercity_transport_type(activity_transports(activity))=='metro'and metro_tickets(activity_transports(activity))!=1: result=False",
        "result=True\nfor activity in allactivities(plan):\n  if innercity_transport_type(activity_transports(activity))=='taxi'and taxi_cars(activity_transports(activity))!=1: result=False"
    ],
    "tag": "transport",
    "uid": "t20241206211714065864",
    "nature_language": "当前位置北京。我计划去重庆玩两天，选择火车出行。请给我一个旅行规划。",
    "nature_language_en": "Current location: Beijing. I am planning to visit Chongqing for two days. I have chosen to travel by train. Please provide me with a travel itinerary.",
    "hard_logic_nl": [
        "旅行天数为2",
        "旅行人数为1",
        "跨城交通方式为train",
        "门票或车票数为1",
        "出租车数为1"
    ]
}