{
    "start_city": "广州",
    "target_city": "成都",
    "hard_logic": [
        "days==3",
        "people_number==2",
        "tickets==2",
        "intercity_transport=={'train'}"
    ],
    "hard_logic_py": [
        "result=(day_count(plan)==3)",
        "result=(people_count(plan)==2)",
        "result=True\nfor activity in allactivities(plan):\n  if activity_type(activity) in ['attraction', 'airplane', 'train'] and activity_tickets(activity)!=2: result=False\n  if innercity_transport_type(activity_transports(activity))=='metro'and metro_tickets(activity_transports(activity))!=2: result=False",
        "intercity_transport_set=set()\nfor activity in allactivities(plan):\n  if activity_type(activity) in ['train', 'airplane']: intercity_transport_set.add(intercity_transport_type(activity))\nresult=({'train'}==intercity_transport_set)",
        "result=True\nfor activity in allactivities(plan):\n  if innercity_transport_type(activity_transports(activity))=='taxi'and taxi_cars(activity_transports(activity))!=1: result=False"
    ],
    "tag": "transport",
    "uid": "t20241206172028371509",
    "nature_language": "当前位置广州。我两个人想去成都玩3天，坐火车往返，麻烦给我一个旅行规划。",
    "nature_language_en": "Current location: Guangzhou. Two of us want to visit Chengdu for 3 days. We plan to travel round-trip by train. Could you please provide a travel itinerary for us?",
    "days": 3,
    "people_number": 2,
    "hard_logic_nl": [
        "旅行天数为3",
        "旅行人数为2",
        "门票或车票数为2",
        "跨城交通方式为train",
        "出租车数为1"
    ]
}