{
    "start_city": "成都",
    "target_city": "南京",
    "people_number": 4,
    "days": 2,
    "hard_logic": [
        "days==2",
        "people_number==4",
        "intercity_transport=={'airplane'}",
        "tickets==4"
    ],
    "hard_logic_py": [
        "result=(day_count(plan)==2)",
        "result=(people_count(plan)==4)",
        "intercity_transport_set=set()\nfor activity in allactivities(plan):\n  if activity_type(activity) in ['train', 'airplane']: intercity_transport_set.add(intercity_transport_type(activity))\nresult=({'airplane'}==intercity_transport_set)",
        "result=True\nfor activity in allactivities(plan):\n  if activity_type(activity) in ['attraction', 'airplane', 'train'] and activity_tickets(activity)!=4: result=False\n  if innercity_transport_type(activity_transports(activity))=='metro'and metro_tickets(activity_transports(activity))!=4: result=False",
        "result=True\nfor activity in allactivities(plan):\n  if innercity_transport_type(activity_transports(activity))=='taxi'and taxi_cars(activity_transports(activity))!=1: result=False"
    ],
    "tag": "transport",
    "uid": "t20241206211714066755",
    "nature_language": "当前位置成都。我和三个朋友计划去南京玩两天，选择飞机出行。请给我一个旅行规划。",
    "nature_language_en": "Current location: Chengdu. My three friends and I are planning to visit Nanjing for two days. We have chosen to travel by plane. Please provide me with a travel itinerary.",
    "hard_logic_nl": [
        "旅行天数为2",
        "旅行人数为4",
        "跨城交通方式为airplane",
        "门票或车票数为4",
        "出租车数为1"
    ]
}