{
    "start_city": "北京",
    "target_city": "深圳",
    "hard_logic": [
        "days==2",
        "people_number==3",
        "intercity_transport=={'airplane'}",
        "tickets==3"
    ],
    "hard_logic_py": [
        "result=(day_count(plan)==2)",
        "result=(people_count(plan)==3)",
        "intercity_transport_set=set()\nfor activity in allactivities(plan):\n  if activity_type(activity) in ['train', 'airplane']: intercity_transport_set.add(intercity_transport_type(activity))\nresult=({'airplane'}==intercity_transport_set)",
        "result=True\nfor activity in allactivities(plan):\n  if activity_type(activity) in ['attraction', 'airplane', 'train'] and activity_tickets(activity)!=3: result=False\n  if innercity_transport_type(activity_transports(activity))=='metro'and metro_tickets(activity_transports(activity))!=3: result=False",
        "result=True\nfor activity in allactivities(plan):\n  if innercity_transport_type(activity_transports(activity))=='taxi'and taxi_cars(activity_transports(activity))!=1: result=False"
    ],
    "tag": "transport",
    "uid": "t20241206171855902412",
    "nature_language": "当前位置北京。我和两位朋友打算去深圳玩两天，选择飞机出行。请给我一个旅行规划。",
    "nature_language_en": "Current location: Beijing. My two friends and I plan to travel to Shenzhen for two days. We will be flying. Please provide me with a travel plan.",
    "days": 2,
    "people_number": 3,
    "hard_logic_nl": [
        "旅行天数为2",
        "旅行人数为3",
        "跨城交通方式为airplane",
        "门票或车票数为3",
        "出租车数为1"
    ]
}