{
    "start_city": "南京",
    "target_city": "北京",
    "hard_logic": [
        "days==3",
        "people_number==2",
        "intercity_transport=={'airplane'}",
        "tickets==2"
    ],
    "hard_logic_py": [
        "result=(day_count(plan)==3)",
        "result=(people_count(plan)==2)",
        "intercity_transport_set=set()\nfor activity in allactivities(plan):\n  if activity_type(activity) in ['train', 'airplane']: intercity_transport_set.add(intercity_transport_type(activity))\nresult=({'airplane'}==intercity_transport_set)",
        "result=True\nfor activity in allactivities(plan):\n  if activity_type(activity) in ['attraction', 'airplane', 'train'] and activity_tickets(activity)!=2: result=False\n  if innercity_transport_type(activity_transports(activity))=='metro'and metro_tickets(activity_transports(activity))!=2: result=False",
        "result=True\nfor activity in allactivities(plan):\n  if innercity_transport_type(activity_transports(activity))=='taxi'and taxi_cars(activity_transports(activity))!=1: result=False"
    ],
    "tag": "transport",
    "uid": "t20241206172420699802",
    "nature_language": "当前位置南京。我和朋友计划去北京玩三天，选择飞机出行，开一间双床房。请给我一个旅行规划。",
    "nature_language_en": "Current location: Nanjing. My friend and I are planning to visit Beijing for three days. We have chosen to travel by plane. We will book a twin room. Please provide me with a travel itinerary.",
    "days": 3,
    "people_number": 2,
    "hard_logic_nl": [
        "旅行天数为3",
        "旅行人数为2",
        "跨城交通方式为airplane",
        "门票或车票数为2",
        "出租车数为1"
    ]
}