{
    "start_city": "苏州",
    "target_city": "杭州",
    "hard_logic": [
        "days==2",
        "people_number==2",
        "tickets==2",
        "transport_type<={'taxi'}"
    ],
    "hard_logic_py": [
        "result=(day_count(plan)==2)",
        "result=(people_count(plan)==2)",
        "result=True\nfor activity in allactivities(plan):\n  if activity_type(activity) in ['attraction', 'airplane', 'train'] and activity_tickets(activity)!=2: result=False\n  if innercity_transport_type(activity_transports(activity))=='metro'and metro_tickets(activity_transports(activity))!=2: result=False",
        "result=True\nfor activity in allactivities(plan):\n  if innercity_transport_type(activity_transports(activity))=='taxi'and taxi_cars(activity_transports(activity))!=1: result=False",
        "innercity_transport_set=set()\nfor activity in allactivities(plan):\n  if activity_transports(activity)!=[]: innercity_transport_set.add(innercity_transport_type(activity_transports(activity)))\nresult=(innercity_transport_set<={'taxi'})"
    ],
    "tag": "transport",
    "uid": "t20241206172345246461",
    "nature_language": "当前位置苏州。我们两个人计划去杭州玩两天，市内交通主要使用出租车。请给我一个旅行规划。",
    "nature_language_en": "Current location: Suzhou. Two of us are planning to visit Hangzhou for two days. We will mainly use taxis for transportation within the city. Please provide me with a travel plan.",
    "days": 2,
    "people_number": 2,
    "hard_logic_nl": [
        "旅行天数为2",
        "旅行人数为2",
        "门票或车票数为2",
        "出租车数为1",
        "市内交通选择taxi"
    ]
}