{
    "start_city": "广州",
    "target_city": "上海",
    "people_number": 2,
    "days": 3,
    "hard_logic": [
        "days==3",
        "people_number==2",
        "intercity_transport=={'train'}",
        "tickets==2",
        "transport_type<={'taxi'}"
    ],
    "hard_logic_py": [
        "result=(day_count(plan)==3)",
        "result=(people_count(plan)==2)",
        "intercity_transport_set=set()\nfor activity in allactivities(plan):\n  if activity_type(activity) in ['train', 'airplane']: intercity_transport_set.add(intercity_transport_type(activity))\nresult=({'train'}==intercity_transport_set)",
        "result=True\nfor activity in allactivities(plan):\n  if activity_type(activity) in ['attraction', 'airplane', 'train'] and activity_tickets(activity)!=2: result=False\n  if innercity_transport_type(activity_transports(activity))=='metro'and metro_tickets(activity_transports(activity))!=2: result=False",
        "result=True\nfor activity in allactivities(plan):\n  if innercity_transport_type(activity_transports(activity))=='taxi'and taxi_cars(activity_transports(activity))!=1: result=False",
        "innercity_transport_set=set()\nfor activity in allactivities(plan):\n  if activity_transports(activity)!=[]: innercity_transport_set.add(innercity_transport_type(activity_transports(activity)))\nresult=(innercity_transport_set<={'taxi'})"
    ],
    "tag": "transport",
    "uid": "t20241206211714065049",
    "nature_language": "当前位置广州。我和朋友计划去上海玩三天，选择火车出行，市内交通方式选择打车。请给我一个旅行规划。",
    "nature_language_en": "Current location: Guangzhou. My friend and I are planning to visit Shanghai for three days. We have chosen to travel by train and use taxis for intra-city transportation. Please provide me with a travel itinerary.",
    "hard_logic_nl": [
        "旅行天数为3",
        "旅行人数为2",
        "跨城交通方式为train",
        "门票或车票数为2",
        "出租车数为1",
        "市内交通选择taxi"
    ]
}