{
    "start_city": "北京",
    "target_city": "成都",
    "people_number": 4,
    "days": 2,
    "hard_logic": [
        "days==2",
        "people_number==4",
        "intercity_transport=={'train'}",
        "tickets==4",
        "transport_type<={'metro'}"
    ],
    "hard_logic_py": [
        "result=(day_count(plan)==2)",
        "result=(people_count(plan)==4)",
        "intercity_transport_set=set()\nfor activity in allactivities(plan):\n  if activity_type(activity) in ['train', 'airplane']: intercity_transport_set.add(intercity_transport_type(activity))\nresult=({'train'}==intercity_transport_set)",
        "result=True\nfor activity in allactivities(plan):\n  if activity_type(activity) in ['attraction', 'airplane', 'train'] and activity_tickets(activity)!=4: result=False\n  if innercity_transport_type(activity_transports(activity))=='metro'and metro_tickets(activity_transports(activity))!=4: result=False",
        "result=True\nfor activity in allactivities(plan):\n  if innercity_transport_type(activity_transports(activity))=='taxi'and taxi_cars(activity_transports(activity))!=1: result=False",
        "innercity_transport_set=set()\nfor activity in allactivities(plan):\n  if activity_transports(activity)!=[]: innercity_transport_set.add(innercity_transport_type(activity_transports(activity)))\nresult=(innercity_transport_set<={'metro'})"
    ],
    "tag": "transport",
    "uid": "t20241206211714064387",
    "nature_language": "当前位置北京。我和三个朋友计划去成都玩两天，选择火车出行，市内交通方式为地铁。请给我一个旅行规划。",
    "nature_language_en": "Current location: Beijing. My three friends and I are planning to visit Chengdu for two days. We have chosen to travel by train and use subway for city transportation. Please provide me with a travel itinerary.",
    "hard_logic_nl": [
        "旅行天数为2",
        "旅行人数为4",
        "跨城交通方式为train",
        "门票或车票数为4",
        "出租车数为1",
        "市内交通选择metro"
    ]
}