{
    "start_city": "杭州",
    "target_city": "深圳",
    "people_number": 1,
    "days": 2,
    "hard_logic": [
        "days==2",
        "people_number==1",
        "intercity_transport=={'train'}",
        "tickets==1",
        "transport_type<={'taxi'}"
    ],
    "hard_logic_py": [
        "result=(day_count(plan)==2)",
        "result=(people_count(plan)==1)",
        "intercity_transport_set=set()\nfor activity in allactivities(plan):\n  if activity_type(activity) in ['train', 'airplane']: intercity_transport_set.add(intercity_transport_type(activity))\nresult=({'train'}==intercity_transport_set)",
        "result=True\nfor activity in allactivities(plan):\n  if activity_type(activity) in ['attraction', 'airplane', 'train'] and activity_tickets(activity)!=1: result=False\n  if innercity_transport_type(activity_transports(activity))=='metro'and metro_tickets(activity_transports(activity))!=1: result=False",
        "result=True\nfor activity in allactivities(plan):\n  if innercity_transport_type(activity_transports(activity))=='taxi'and taxi_cars(activity_transports(activity))!=1: result=False",
        "innercity_transport_set=set()\nfor activity in allactivities(plan):\n  if activity_transports(activity)!=[]: innercity_transport_set.add(innercity_transport_type(activity_transports(activity)))\nresult=(innercity_transport_set<={'taxi'})"
    ],
    "tag": "transport",
    "uid": "t20241206211714065368",
    "nature_language": "当前位置杭州。我计划去深圳玩两天，选择火车出行，市内交通方式打车。请给我一个旅行规划。",
    "nature_language_en": "Current location: Hangzhou. I am planning to visit Shenzhen for two days. I have chosen to travel by train and use taxis for city transportation. Please provide me with a travel itinerary.",
    "hard_logic_nl": [
        "旅行天数为2",
        "旅行人数为1",
        "跨城交通方式为train",
        "门票或车票数为1",
        "出租车数为1",
        "市内交通选择taxi"
    ]
}