{
    "uid": "20250321211721759889",
    "start_city": "杭州",
    "target_city": "重庆",
    "days": 4,
    "people_number": 3,
    "hard_logic_py": [
        "attraction_name_set=set()\nfor activity in allactivities(plan):\n  if activity_type(activity)=='attraction': attraction_name_set.add(activity_position(activity))\nresult=({\"重庆海昌加勒比海水世界\"}&attraction_name_set)",
        "accommodation_name_set=set()\nfor activity in allactivities(plan):\n  if activity_type(activity)=='accommodation': accommodation_name_set.add(activity_position(activity))\nresult=not({\"山觉·行舍(涂山寺店)\", \"花筑·星悦荟江景酒店(重庆观音桥步行街店)\"}&accommodation_name_set)",
        "result=(day_count(plan)==4)",
        "result=(people_count(plan)==3)",
        "result=True\nfor activity in allactivities(plan):\n  if activity_type(activity) in ['attraction', 'airplane', 'train'] and activity_tickets(activity)!=3: result=False\n  if innercity_transport_type(activity_transports(activity))=='metro'and metro_tickets(activity_transports(activity))!=3: result=False",
        "result=True\nfor activity in allactivities(plan):\n  if innercity_transport_type(activity_transports(activity))=='taxi'and taxi_cars(activity_transports(activity))!=1: result=False"
    ],
    "nature_language": "我们3人，从杭州出发，到重庆旅行4天，要求如下：\n希望游览重庆海昌加勒比海水世界\n不希望入住以下酒店山觉·行舍(涂山寺店) 和 花筑·星悦荟江景酒店(重庆观音桥步行街店)"
}