{
    "uid": "20250322022442605730",
    "start_city": "成都",
    "target_city": "深圳",
    "days": 2,
    "people_number": 2,
    "hard_logic_py": [
        "result_list=[]\nattraction_name_set=set()\nfor activity in allactivities(plan):\n  if activity_type(activity)=='attraction': attraction_name_set.add(activity_position(activity))\nresult=not({\"华强北博物馆\", \"尼克Playtime乐园\"}&attraction_name_set)\nresult_list.append(result)\naccommodation_cost=0\nfor activity in allactivities(plan):\n  if activity_type(activity)=='accommodation': accommodation_cost+=activity_cost(activity)\nresult=accommodation_cost<=1300\nresult_list.append(result)\nresult=False\nfor r in result_list:\n  result=result or r"
    ],
    "nature_language": "我们2人，从成都出发，到深圳旅行2天，要求满足以下任意一个：\n1. 不希望游览华强北博物馆 和 尼克Playtime乐园\n2. 在住宿上的预算为1300.0"
}