{
    "uid": "20250321230445501801",
    "start_city": "武汉",
    "target_city": "成都",
    "days": 2,
    "people_number": 2,
    "hard_logic_py": [
        "result_list=[]\nattraction_name_set=set()\nfor activity in allactivities(plan):\n  if activity_type(activity)=='attraction': attraction_name_set.add(activity_position(activity))\nresult=not({\"文殊院\"}&attraction_name_set)\nresult_list.append(result)\naccommodation_type_set=set()\nfor activity in allactivities(plan):\n  if activity_type(activity)=='accommodation': accommodation_type_set.add(accommodation_type(activity, target_city(plan)))\nresult=({\"动人夜景\"}<=accommodation_type_set)\nresult_list.append(result)\nresult=False\nfor r in result_list:\n  result=result or r"
    ],
    "nature_language": "我们2人，从武汉出发，到成都旅行2天，要求满足以下任意一个：\n1. 不希望游览文殊院\n2. 希望入住以下类型的酒店动人夜景"
}