{
    "uid": "20250321214309360557",
    "start_city": "上海",
    "target_city": "深圳",
    "days": 4,
    "people_number": 3,
    "hard_logic_py": [
        "result_list=[]\nattraction_name_set=set()\nfor activity in allactivities(plan):\n  if activity_type(activity)=='attraction': attraction_name_set.add(activity_position(activity))\nresult=not({\"甘坑古镇\"}&attraction_name_set)\nresult_list.append(result)\naccommodation_name_set=set()\nfor activity in allactivities(plan):\n  if activity_type(activity)=='accommodation': accommodation_name_set.add(activity_position(activity))\nresult=({\"清能楚天大酒店(深圳福田口岸会展中心店)\"}<=accommodation_name_set)\nresult_list.append(result)\nresult=False\nfor r in result_list:\n  result=result or r"
    ],
    "nature_language": "我们3人，从上海出发，到深圳旅行4天，要求满足以下任意一个：\n1. 不希望游览甘坑古镇\n2. 希望入住以下酒店清能楚天大酒店(深圳福田口岸会展中心店)"
}