{
    "uid": "20250321050344297786",
    "start_city": "重庆",
    "target_city": "北京",
    "days": 2,
    "people_number": 2,
    "hard_logic_py": [
        "total_cost=0 \nfor activity in allactivities(plan):\n    total_cost+=activity_cost(activity)\n    total_cost += innercity_transport_cost(activity_transports(activity))\nresult=(total_cost<=6200)",
        "result=(day_count(plan)==2)",
        "result=(people_count(plan)==2)",
        "result=True\nfor activity in allactivities(plan):\n  if activity_type(activity) in ['attraction', 'airplane', 'train'] and activity_tickets(activity)!=2: result=False\n  if innercity_transport_type(activity_transports(activity))=='metro'and metro_tickets(activity_transports(activity))!=2: result=False",
        "result=True\nfor activity in allactivities(plan):\n  if innercity_transport_type(activity_transports(activity))=='taxi'and taxi_cars(activity_transports(activity))!=1: result=False"
    ],
    "nature_language": "我们2人，从重庆出发，到北京旅行2天，要求如下：\n在旅行上的总预算为6200.0"
}