{
    "uid": "20250321033033113070",
    "start_city": "成都",
    "target_city": "上海",
    "days": 2,
    "people_number": 4,
    "hard_logic_py": [
        "result=False\nintercity_transport_go=''\nintercity_transport_back=''\nif allactivities(plan)[0]['type'] != \"train\" and intercity_transport_origin(allactivities(plan)[0])==start_city(plan) and allactivities(plan)[-1]['type'] != \"train\" and intercity_transport_origin(allactivities(plan)[-1])==target_city(plan):\n  result=True",
        "result=(day_count(plan)==2)",
        "result=(people_count(plan)==4)",
        "result=True\nfor activity in allactivities(plan):\n  if activity_type(activity) in ['attraction', 'airplane', 'train'] and activity_tickets(activity)!=4: result=False\n  if innercity_transport_type(activity_transports(activity))=='metro'and metro_tickets(activity_transports(activity))!=4: result=False",
        "result=True\nfor activity in allactivities(plan):\n  if innercity_transport_type(activity_transports(activity))=='taxi'and taxi_cars(activity_transports(activity))!=1: result=False"
    ],
    "nature_language": "我们4人，从成都出发，到上海旅行2天，要求如下：\n不希望乘坐train前往目的地，不希望乘坐train返回"
}