{
    "uid": "20250321123356334566",
    "start_city": "北京",
    "target_city": "南京",
    "days": 4,
    "people_number": 3,
    "hard_logic_py": [
        "result_list=[]\nattraction_name_set=set()\nfor activity in allactivities(plan):\n  if activity_type(activity)=='attraction': attraction_name_set.add(activity_position(activity))\nresult=({\"南京爱情博物馆（新街口店）\", \"樱花大道\"}<=attraction_name_set)\nresult_list.append(result)\nattraction_cost=0\nfor activity in allactivities(plan):\n  if activity_type(activity)=='attraction': attraction_cost+=activity_cost(activity)\nresult=attraction_cost<=300\nresult_list.append(result)\nresult=False\nfor r in result_list:\n  result=result or r"
    ],
    "nature_language": "我们3人，从北京出发，到南京旅行4天，要求满足以下任意一个：\n1. 希望游览南京爱情博物馆（新街口店） 和 樱花大道\n2. 在游览上的预算为300.0"
}