{
    "uid": "20250321201304597885",
    "start_city": "成都",
    "target_city": "深圳",
    "days": 3,
    "people_number": 2,
    "hard_logic_py": [
        "result_list=[]\nattraction_name_set=set()\nfor activity in allactivities(plan):\n  if activity_type(activity)=='attraction': attraction_name_set.add(activity_position(activity))\nresult=not({\"深圳大鹏金沙湾沙滩\", \"海上彩虹号\", \"深圳人才公园\"}&attraction_name_set)\nresult_list.append(result)\nrestaurant_cost=0\nfor activity in allactivities(plan):\n  if activity_type(activity) in ['breakfast', 'lunch', 'dinner']: restaurant_cost+=activity_cost(activity)\nresult=restaurant_cost<=400\nresult_list.append(result)\nresult=False\nfor r in result_list:\n  result=result or r"
    ],
    "nature_language": "我们2人，从成都出发，到深圳旅行3天，要求满足以下任意一个：\n1. 不希望游览深圳大鹏金沙湾沙滩 和 海上彩虹号 和 深圳人才公园\n2. 在用餐上的预算为400.0"
}