{
    "uid": "20250320234449703819",
    "start_city": "武汉",
    "target_city": "深圳",
    "days": 3,
    "people_number": 3,
    "hard_logic_py": [
        "accommodation_name_set=set()\nfor activity in allactivities(plan):\n  if activity_type(activity)=='accommodation': accommodation_name_set.add(activity_position(activity))\nresult=({\"维也纳国际酒店(深圳南山科技园科兴店)\"}<=accommodation_name_set)",
        "result=(day_count(plan)==3)",
        "result=(people_count(plan)==3)",
        "result=True\nfor activity in allactivities(plan):\n  if activity_type(activity) in ['attraction', 'airplane', 'train'] and activity_tickets(activity)!=3: result=False\n  if innercity_transport_type(activity_transports(activity))=='metro'and metro_tickets(activity_transports(activity))!=3: result=False",
        "result=True\nfor activity in allactivities(plan):\n  if innercity_transport_type(activity_transports(activity))=='taxi'and taxi_cars(activity_transports(activity))!=1: result=False"
    ],
    "nature_language": "我们3人，从武汉出发，到深圳旅行3天，要求如下：\n希望入住以下酒店维也纳国际酒店(深圳南山科技园科兴店)"
}