{
    "uid": "20250321134959122953",
    "start_city": "重庆",
    "target_city": "南京",
    "days": 3,
    "people_number": 3,
    "hard_logic_py": [
        "result_list=[]\nattraction_name_set=set()\nfor activity in allactivities(plan):\n  if activity_type(activity)=='attraction': attraction_name_set.add(activity_position(activity))\nresult=({\"民国民间灶台(老虎灶)\", \"狮子山景区\"}<=attraction_name_set)\nresult_list.append(result)\nattraction_cost=0\nfor activity in allactivities(plan):\n  if activity_type(activity)=='attraction': attraction_cost+=activity_cost(activity)\nresult=attraction_cost<=0\nresult_list.append(result)\nresult=False\nfor r in result_list:\n  result=result or r"
    ],
    "nature_language": "我们3人，从重庆出发，到南京旅行3天，要求满足以下任意一个：\n1. 希望游览民国民间灶台(老虎灶) 和 狮子山景区\n2. 希望只游览免费景点"
}