{
    "uid": "20250321164659059698",
    "start_city": "南京",
    "target_city": "上海",
    "days": 3,
    "people_number": 5,
    "hard_logic_py": [
        "result_list=[]\nattraction_name_set=set()\nfor activity in allactivities(plan):\n  if activity_type(activity)=='attraction': attraction_name_set.add(activity_position(activity))\nresult=not({\"上海之巅观光厅\"}&attraction_name_set)\nresult_list.append(result)\nrestaurant_type_set=set()\nfor activity in allactivities(plan):\n  if activity_type(activity) in ['breakfast', 'lunch', 'dinner']: restaurant_type_set.add(restaurant_type(activity, target_city(plan)))\nresult=not({\"融合菜\"}&restaurant_type_set)\nresult_list.append(result)\nresult=False\nfor r in result_list:\n  result=result or r"
    ],
    "nature_language": "我们5人，从南京出发，到上海旅行3天，要求满足以下任意一个：\n1. 不希望游览上海之巅观光厅\n2. 不希望尝试以下类型的餐厅融合菜"
}