{
    "uid": "20250322020259900339",
    "start_city": "成都",
    "target_city": "深圳",
    "days": 3,
    "people_number": 2,
    "hard_logic_py": [
        "attraction_name_set=set()\nfor activity in allactivities(plan):\n  if activity_type(activity)=='attraction': attraction_name_set.add(activity_position(activity))\nresult=not({\"荔枝公园\", \"大梅沙海滩\", \"观澜河湿地公园\"}&attraction_name_set)",
        "accommodation_cost=0\nfor activity in allactivities(plan):\n  if activity_type(activity)=='accommodation': accommodation_cost+=activity_cost(activity)\nresult=accommodation_cost<=3100",
        "result=(day_count(plan)==3)",
        "result=(people_count(plan)==2)",
        "result=True\nfor activity in allactivities(plan):\n  if activity_type(activity) in ['attraction', 'airplane', 'train'] and activity_tickets(activity)!=2: result=False\n  if innercity_transport_type(activity_transports(activity))=='metro'and metro_tickets(activity_transports(activity))!=2: result=False",
        "result=True\nfor activity in allactivities(plan):\n  if innercity_transport_type(activity_transports(activity))=='taxi'and taxi_cars(activity_transports(activity))!=1: result=False"
    ],
    "nature_language": "我们2人，从成都出发，到深圳旅行3天，要求如下：\n不希望游览荔枝公园 和 大梅沙海滩 和 观澜河湿地公园\n在住宿上的预算为3100.0"
}