{
    "uid": "20250321030617889533",
    "start_city": "成都",
    "target_city": "南京",
    "days": 2,
    "people_number": 5,
    "hard_logic_py": [
        "inner_city_transportation_cost=0 \nfor activity in allactivities(plan):\n    inner_city_transportation_cost += innercity_transport_cost(activity_transports(activity))\nresult=(inner_city_transportation_cost<=10)",
        "result=(day_count(plan)==2)",
        "result=(people_count(plan)==5)",
        "result=True\nfor activity in allactivities(plan):\n  if activity_type(activity) in ['attraction', 'airplane', 'train'] and activity_tickets(activity)!=5: result=False\n  if innercity_transport_type(activity_transports(activity))=='metro'and metro_tickets(activity_transports(activity))!=5: result=False",
        "result=True\nfor activity in allactivities(plan):\n  if innercity_transport_type(activity_transports(activity))=='taxi'and taxi_cars(activity_transports(activity))!=2: result=False"
    ],
    "nature_language": "我们5人，从成都出发，到南京旅行2天，要求如下：\n在城市内出行的预算为10.0"
}