{
    "uid": "20250321044802265544",
    "start_city": "北京",
    "target_city": "重庆",
    "days": 2,
    "people_number": 3,
    "hard_logic_py": [
        "inter_city_transportation_cost=0\nfor activity in allactivities(plan):\n  if activity_type(activity) in ['airplane','train']: inter_city_transportation_cost+=activity_cost(activity)\nresult=inter_city_transportation_cost<=5700",
        "result=(day_count(plan)==2)",
        "result=(people_count(plan)==3)",
        "result=True\nfor activity in allactivities(plan):\n  if activity_type(activity) in ['attraction', 'airplane', 'train'] and activity_tickets(activity)!=3: result=False\n  if innercity_transport_type(activity_transports(activity))=='metro'and metro_tickets(activity_transports(activity))!=3: result=False",
        "result=True\nfor activity in allactivities(plan):\n  if innercity_transport_type(activity_transports(activity))=='taxi'and taxi_cars(activity_transports(activity))!=1: result=False"
    ],
    "nature_language": "我们3人，从北京出发，到重庆旅行2天，要求如下：\n跨城市交通的预算为5700.0"
}