{
    "uid": "20250321142303704778",
    "start_city": "深圳",
    "target_city": "上海",
    "days": 3,
    "people_number": 4,
    "hard_logic_py": [
        "attraction_name_set=set()\nfor activity in allactivities(plan):\n  if activity_type(activity)=='attraction': attraction_name_set.add(activity_position(activity))\nresult=({\"创极速光轮\", \"川沙古镇\", \"川沙公园\"}<=attraction_name_set)",
        "restaurant_name_set=set()\nfor activity in allactivities(plan):\n  if activity_type(activity) in ['breakfast', 'lunch', 'dinner']: restaurant_name_set.add(activity_position(activity))\nresult=({\"紫阳花园大酒楼\"}&restaurant_name_set)",
        "result=(day_count(plan)==3)",
        "result=(people_count(plan)==4)",
        "result=True\nfor activity in allactivities(plan):\n  if activity_type(activity) in ['attraction', 'airplane', 'train'] and activity_tickets(activity)!=4: result=False\n  if innercity_transport_type(activity_transports(activity))=='metro'and metro_tickets(activity_transports(activity))!=4: result=False",
        "result=True\nfor activity in allactivities(plan):\n  if innercity_transport_type(activity_transports(activity))=='taxi'and taxi_cars(activity_transports(activity))!=1: result=False"
    ],
    "nature_language": "我们4人，从深圳出发，到上海旅行3天，要求如下：\n希望游览创极速光轮 和 川沙古镇 和 川沙公园\n希望尝试以下餐厅之一： 紫阳花园大酒楼"
}