{
    "uid": "20250321042818555998",
    "start_city": "苏州",
    "target_city": "北京",
    "days": 3,
    "people_number": 2,
    "hard_logic_py": [
        "inter_city_transportation_cost=0\nfor activity in allactivities(plan):\n  if activity_type(activity) in ['airplane','train']: inter_city_transportation_cost+=activity_cost(activity)\nresult=inter_city_transportation_cost<=2700",
        "result=(day_count(plan)==3)",
        "result=(people_count(plan)==2)",
        "result=True\nfor activity in allactivities(plan):\n  if activity_type(activity) in ['attraction', 'airplane', 'train'] and activity_tickets(activity)!=2: result=False\n  if innercity_transport_type(activity_transports(activity))=='metro'and metro_tickets(activity_transports(activity))!=2: result=False",
        "result=True\nfor activity in allactivities(plan):\n  if innercity_transport_type(activity_transports(activity))=='taxi'and taxi_cars(activity_transports(activity))!=1: result=False"
    ],
    "nature_language": "我们2人，从苏州出发，到北京旅行3天，要求如下：\n跨城市交通的预算为2700.0"
}