{
    "uid": "20250321033744252186",
    "start_city": "深圳",
    "target_city": "杭州",
    "days": 5,
    "people_number": 3,
    "hard_logic_py": [
        "result=False\nintercity_transport_go=''\nintercity_transport_back=''\nif allactivities(plan)[0]['type'] != \"airplane\" and intercity_transport_origin(allactivities(plan)[0])==start_city(plan) and allactivities(plan)[-1]['type'] != \"train\" and intercity_transport_origin(allactivities(plan)[-1])==target_city(plan):\n  result=True",
        "result=(day_count(plan)==5)",
        "result=(people_count(plan)==3)",
        "result=True\nfor activity in allactivities(plan):\n  if activity_type(activity) in ['attraction', 'airplane', 'train'] and activity_tickets(activity)!=3: result=False\n  if innercity_transport_type(activity_transports(activity))=='metro'and metro_tickets(activity_transports(activity))!=3: result=False",
        "result=True\nfor activity in allactivities(plan):\n  if innercity_transport_type(activity_transports(activity))=='taxi'and taxi_cars(activity_transports(activity))!=1: result=False"
    ],
    "nature_language": "我们3人，从深圳出发，到杭州旅行5天，要求如下：\n不希望乘坐airplane前往目的地，不希望乘坐train返回"
}