{
    "uid": "20250321154100904771",
    "start_city": "深圳",
    "target_city": "上海",
    "days": 2,
    "people_number": 1,
    "hard_logic_py": [
        "attraction_name_set=set()\nfor activity in allactivities(plan):\n  if activity_type(activity)=='attraction': attraction_name_set.add(activity_position(activity))\nresult=({\"圣三一堂\", \"上海交通大学\", \"武康大楼\"}<=attraction_name_set)",
        "restaurant_name_set=set()\nfor activity in allactivities(plan):\n  if activity_type(activity) in ['breakfast', 'lunch', 'dinner']: restaurant_name_set.add(activity_position(activity))\nresult=not({\"上海外滩英迪格酒店·Quay江畔餐厅\", \"皇廷御宴中餐厅\"}&restaurant_name_set)",
        "result=(day_count(plan)==2)",
        "result=(people_count(plan)==1)",
        "result=True\nfor activity in allactivities(plan):\n  if activity_type(activity) in ['attraction', 'airplane', 'train'] and activity_tickets(activity)!=1: result=False\n  if innercity_transport_type(activity_transports(activity))=='metro'and metro_tickets(activity_transports(activity))!=1: result=False",
        "result=True\nfor activity in allactivities(plan):\n  if innercity_transport_type(activity_transports(activity))=='taxi'and taxi_cars(activity_transports(activity))!=1: result=False"
    ],
    "nature_language": "我们1人，从深圳出发，到上海旅行2天，要求如下：\n希望游览圣三一堂 和 上海交通大学 和 武康大楼\n不希望尝试以下餐厅：上海外滩英迪格酒店·Quay江畔餐厅 和 皇廷御宴中餐厅"
}