{
    "uid": "20250322004503907116",
    "start_city": "南京",
    "target_city": "北京",
    "days": 2,
    "people_number": 5,
    "hard_logic_py": [
        "attraction_name_set=set()\nfor activity in allactivities(plan):\n  if activity_type(activity)=='attraction': attraction_name_set.add(activity_position(activity))\nresult=not({\"西黄寺\", \"仁寿殿\"}&attraction_name_set)",
        "accommodation_cost=0\nfor activity in allactivities(plan):\n  if activity_type(activity)=='accommodation': accommodation_cost+=activity_cost(activity)\nresult=accommodation_cost<=3900",
        "result=(day_count(plan)==2)",
        "result=(people_count(plan)==5)",
        "result=True\nfor activity in allactivities(plan):\n  if activity_type(activity) in ['attraction', 'airplane', 'train'] and activity_tickets(activity)!=5: result=False\n  if innercity_transport_type(activity_transports(activity))=='metro'and metro_tickets(activity_transports(activity))!=5: result=False",
        "result=True\nfor activity in allactivities(plan):\n  if innercity_transport_type(activity_transports(activity))=='taxi'and taxi_cars(activity_transports(activity))!=2: result=False"
    ],
    "nature_language": "我们5人，从南京出发，到北京旅行2天，要求如下：\n不希望游览西黄寺 和 仁寿殿\n在住宿上的预算为3900.0"
}