{
    "uid": "20250321012512564936",
    "start_city": "南京",
    "target_city": "广州",
    "days": 2,
    "people_number": 2,
    "hard_logic_py": [
        "accommodation_cost=0\nfor activity in allactivities(plan):\n  if activity_type(activity)=='accommodation': accommodation_cost+=activity_cost(activity)\nresult=accommodation_cost<=600",
        "result=(day_count(plan)==2)",
        "result=(people_count(plan)==2)",
        "result=True\nfor activity in allactivities(plan):\n  if activity_type(activity) in ['attraction', 'airplane', 'train'] and activity_tickets(activity)!=2: result=False\n  if innercity_transport_type(activity_transports(activity))=='metro'and metro_tickets(activity_transports(activity))!=2: result=False",
        "result=True\nfor activity in allactivities(plan):\n  if innercity_transport_type(activity_transports(activity))=='taxi'and taxi_cars(activity_transports(activity))!=1: result=False"
    ],
    "nature_language": "我们2人，从南京出发，到广州旅行2天，要求如下：\n在住宿上的预算为600.0"
}