{
    "uid": "20250321173908625325",
    "start_city": "南京",
    "target_city": "重庆",
    "days": 4,
    "people_number": 4,
    "hard_logic_py": [
        "attraction_name_set=set()\nfor activity in allactivities(plan):\n  if activity_type(activity)=='attraction': attraction_name_set.add(activity_position(activity))\nresult=not({\"龙塘峡漂流\", \"仙女山树顶漫步\"}&attraction_name_set)",
        "restaurant_type_set=set()\nfor activity in allactivities(plan):\n  if activity_type(activity) in ['breakfast', 'lunch', 'dinner']: restaurant_type_set.add(restaurant_type(activity, target_city(plan)))\nresult=({\"粤菜\"}&restaurant_type_set)",
        "result=(day_count(plan)==4)",
        "result=(people_count(plan)==4)",
        "result=True\nfor activity in allactivities(plan):\n  if activity_type(activity) in ['attraction', 'airplane', 'train'] and activity_tickets(activity)!=4: result=False\n  if innercity_transport_type(activity_transports(activity))=='metro'and metro_tickets(activity_transports(activity))!=4: result=False",
        "result=True\nfor activity in allactivities(plan):\n  if innercity_transport_type(activity_transports(activity))=='taxi'and taxi_cars(activity_transports(activity))!=1: result=False"
    ],
    "nature_language": "我们4人，从南京出发，到重庆旅行4天，要求如下：\n不希望游览龙塘峡漂流 和 仙女山树顶漫步\n希望尝试以下类型的餐厅之一粤菜"
}