{
    "uid": "20250321114759529791",
    "start_city": "深圳",
    "target_city": "上海",
    "days": 2,
    "people_number": 1,
    "hard_logic_py": [
        "attraction_name_set=set()\nfor activity in allactivities(plan):\n  if activity_type(activity)=='attraction': attraction_name_set.add(activity_position(activity))\nresult=({\"世纪大道樱桃园\", \"徐家汇书院\", \"独角兽星空艺术馆 田子坊旗舰店\"}<=attraction_name_set)",
        "attraction_type_set=set()\nfor activity in allactivities(plan):\n  if activity_type(activity)=='attraction': attraction_type_set.add(attraction_type(activity, target_city(plan)))\nresult=not({\"商业街区\", \"大学校园\"}&attraction_type_set)",
        "result=(day_count(plan)==2)",
        "result=(people_count(plan)==1)",
        "result=True\nfor activity in allactivities(plan):\n  if activity_type(activity) in ['attraction', 'airplane', 'train'] and activity_tickets(activity)!=1: result=False\n  if innercity_transport_type(activity_transports(activity))=='metro'and metro_tickets(activity_transports(activity))!=1: result=False",
        "result=True\nfor activity in allactivities(plan):\n  if innercity_transport_type(activity_transports(activity))=='taxi'and taxi_cars(activity_transports(activity))!=1: result=False"
    ],
    "nature_language": "我们1人，从深圳出发，到上海旅行2天，要求如下：\n希望游览世纪大道樱桃园 和 徐家汇书院 和 独角兽星空艺术馆 田子坊旗舰店\n不希望游览商业街区 和 大学校园"
}