{
    "uid": "20250321014642847963",
    "start_city": "苏州",
    "target_city": "杭州",
    "days": 2,
    "people_number": 4,
    "hard_logic_py": [
        "inner_city_transportation_set=set()\nfor activity in allactivities(plan):\n  if activity_type(activity)=='transportation': inner_city_transportation_set.add(activity_position(activity))\nresult=not({\"taxi\"}&inner_city_transportation_set)",
        "result=(day_count(plan)==2)",
        "result=(people_count(plan)==4)",
        "result=True\nfor activity in allactivities(plan):\n  if activity_type(activity) in ['attraction', 'airplane', 'train'] and activity_tickets(activity)!=4: result=False\n  if innercity_transport_type(activity_transports(activity))=='metro'and metro_tickets(activity_transports(activity))!=4: result=False",
        "result=True\nfor activity in allactivities(plan):\n  if innercity_transport_type(activity_transports(activity))=='taxi'and taxi_cars(activity_transports(activity))!=1: result=False"
    ],
    "nature_language": "我们4人，从苏州出发，到杭州旅行2天，要求如下：\n不希望以taxi方式在城市内出行"
}