{
    "uid": "20250320222136010600",
    "start_city": "重庆",
    "target_city": "深圳",
    "days": 2,
    "people_number": 2,
    "hard_logic_py": [
        "restaurant_cost=0\nfor activity in allactivities(plan):\n  if activity_type(activity) in ['breakfast', 'lunch', 'dinner']: restaurant_cost+=activity_cost(activity)\nresult=restaurant_cost<=100",
        "result=(day_count(plan)==2)",
        "result=(people_count(plan)==2)",
        "result=True\nfor activity in allactivities(plan):\n  if activity_type(activity) in ['attraction', 'airplane', 'train'] and activity_tickets(activity)!=2: result=False\n  if innercity_transport_type(activity_transports(activity))=='metro'and metro_tickets(activity_transports(activity))!=2: result=False",
        "result=True\nfor activity in allactivities(plan):\n  if innercity_transport_type(activity_transports(activity))=='taxi'and taxi_cars(activity_transports(activity))!=1: result=False"
    ],
    "nature_language": "我们2人，从重庆出发，到深圳旅行2天，要求如下：\n在用餐上的预算为100.0"
}