{
    "uid": "20250321221708316855",
    "start_city": "武汉",
    "target_city": "北京",
    "days": 4,
    "people_number": 4,
    "hard_logic_py": [
        "attraction_name_set=set()\nfor activity in allactivities(plan):\n  if activity_type(activity)=='attraction': attraction_name_set.add(activity_position(activity))\nresult=not({\"荷花市场\", \"云蒙山风景区\"}&attraction_name_set)",
        "accommodation_name_set=set()\nfor activity in allactivities(plan):\n  if activity_type(activity)=='accommodation': accommodation_name_set.add(activity_position(activity))\nresult=not({\"北京天伦松鹤大饭店\", \"北京香江意舍(天安门王府井店)\"}&accommodation_name_set)",
        "result=(day_count(plan)==4)",
        "result=(people_count(plan)==4)",
        "result=True\nfor activity in allactivities(plan):\n  if activity_type(activity) in ['attraction', 'airplane', 'train'] and activity_tickets(activity)!=4: result=False\n  if innercity_transport_type(activity_transports(activity))=='metro'and metro_tickets(activity_transports(activity))!=4: result=False",
        "result=True\nfor activity in allactivities(plan):\n  if innercity_transport_type(activity_transports(activity))=='taxi'and taxi_cars(activity_transports(activity))!=1: result=False"
    ],
    "nature_language": "我们4人，从武汉出发，到北京旅行4天，要求如下：\n不希望游览荷花市场 和 云蒙山风景区\n不希望入住以下酒店北京天伦松鹤大饭店 和 北京香江意舍(天安门王府井店)"
}