{
    "uid": "20250322011643344501",
    "start_city": "南京",
    "target_city": "北京",
    "days": 2,
    "people_number": 5,
    "hard_logic_py": [
        "result_list=[]\nattraction_name_set=set()\nfor activity in allactivities(plan):\n  if activity_type(activity)=='attraction': attraction_name_set.add(activity_position(activity))\nresult=not({\"昆明湖\", \"北京乐高探索中心\"}&attraction_name_set)\nresult_list.append(result)\naccommodation_cost=0\nfor activity in allactivities(plan):\n  if activity_type(activity)=='accommodation': accommodation_cost+=activity_cost(activity)\nresult=accommodation_cost<=5500\nresult_list.append(result)\nresult=False\nfor r in result_list:\n  result=result or r"
    ],
    "nature_language": "我们5人，从南京出发，到北京旅行2天，要求满足以下任意一个：\n1. 不希望游览昆明湖 和 北京乐高探索中心\n2. 在住宿上的预算为5500.0"
}