{
    "uid": "20250320174645983071",
    "start_city": "成都",
    "target_city": "杭州",
    "days": 4,
    "people_number": 3,
    "hard_logic_py": [
        "attraction_name_set=set()\nfor activity in allactivities(plan):\n  if activity_type(activity)=='attraction': attraction_name_set.add(activity_position(activity))\nresult=({\"九溪烟树\", \"保俶塔\"}&attraction_name_set)",
        "result=(day_count(plan)==4)",
        "result=(people_count(plan)==3)",
        "result=True\nfor activity in allactivities(plan):\n  if activity_type(activity) in ['attraction', 'airplane', 'train'] and activity_tickets(activity)!=3: result=False\n  if innercity_transport_type(activity_transports(activity))=='metro'and metro_tickets(activity_transports(activity))!=3: result=False",
        "result=True\nfor activity in allactivities(plan):\n  if innercity_transport_type(activity_transports(activity))=='taxi'and taxi_cars(activity_transports(activity))!=1: result=False"
    ],
    "nature_language": "我们3人，从成都出发，到杭州旅行4天，要求如下：\n希望游览九溪烟树 或 保俶塔"
}