{
    "uid": "20250320172929548195",
    "start_city": "苏州",
    "target_city": "重庆",
    "days": 3,
    "people_number": 3,
    "hard_logic_py": [
        "attraction_name_set=set()\nfor activity in allactivities(plan):\n  if activity_type(activity)=='attraction': attraction_name_set.add(activity_position(activity))\nresult=not({\"圣名欢乐水世界\"}&attraction_name_set)",
        "result=(day_count(plan)==3)",
        "result=(people_count(plan)==3)",
        "result=True\nfor activity in allactivities(plan):\n  if activity_type(activity) in ['attraction', 'airplane', 'train'] and activity_tickets(activity)!=3: result=False\n  if innercity_transport_type(activity_transports(activity))=='metro'and metro_tickets(activity_transports(activity))!=3: result=False",
        "result=True\nfor activity in allactivities(plan):\n  if innercity_transport_type(activity_transports(activity))=='taxi'and taxi_cars(activity_transports(activity))!=1: result=False"
    ],
    "nature_language": "我们3人，从苏州出发，到重庆旅行3天，要求如下：\n不希望游览圣名欢乐水世界"
}