{
    "uid": "20250322024919394832",
    "start_city": "深圳",
    "target_city": "上海",
    "days": 3,
    "people_number": 4,
    "hard_logic_py": [
        "result_list=[]\nattraction_name_set=set()\nfor activity in allactivities(plan):\n  if activity_type(activity)=='attraction': attraction_name_set.add(activity_position(activity))\nresult=({\"田子坊石库门\", \"外滩\", \"独角兽星空艺术馆 田子坊旗舰店\"}<=attraction_name_set)\nresult_list.append(result)\ninner_city_transportation_set=set()\nfor activity in allactivities(plan):\n  if activity_type(activity)=='transportation': inner_city_transportation_set.add(activity_position(activity))\nresult=not({\"walk\", \"taxi\"}&inner_city_transportation_set)\nresult_list.append(result)\nresult=False\nfor r in result_list:\n  result=result or r"
    ],
    "nature_language": "我们4人，从深圳出发，到上海旅行3天，要求满足以下任意一个：\n1. 希望游览田子坊石库门 和 外滩 和 独角兽星空艺术馆 田子坊旗舰店\n2. 不希望以walk 和 taxi方式在城市内出行"
}