{
    "uid": "20250321234241805308",
    "start_city": "苏州",
    "target_city": "北京",
    "days": 3,
    "people_number": 3,
    "hard_logic_py": [
        "result_list=[]\nattraction_name_set=set()\nfor activity in allactivities(plan):\n  if activity_type(activity)=='attraction': attraction_name_set.add(activity_position(activity))\nresult=({\"北京梨园剧场\", \"前门大街\"}<=attraction_name_set)\nresult_list.append(result)\naccommodation_type_set=set()\nfor activity in allactivities(plan):\n  if activity_type(activity)=='accommodation': accommodation_type_set.add(accommodation_type(activity, target_city(plan)))\nresult=({\"免费停车\"}<=accommodation_type_set)\nresult_list.append(result)\nresult=False\nfor r in result_list:\n  result=result or r"
    ],
    "nature_language": "我们3人，从苏州出发，到北京旅行3天，要求满足以下任意一个：\n1. 希望游览北京梨园剧场 和 前门大街\n2. 希望入住以下类型的酒店免费停车"
}