{
    "uid": "20250321210015834839",
    "start_city": "深圳",
    "target_city": "上海",
    "days": 2,
    "people_number": 1,
    "hard_logic_py": [
        "attraction_name_set=set()\nfor activity in allactivities(plan):\n  if activity_type(activity)=='attraction': attraction_name_set.add(activity_position(activity))\nresult=({\"上海植物园\", \"涟泉大江户(上海莘庄店)\", \"七宝老街\"}<=attraction_name_set)",
        "accommodation_name_set=set()\nfor activity in allactivities(plan):\n  if activity_type(activity)=='accommodation': accommodation_name_set.add(activity_position(activity))\nresult=({\"上海汾阳花园酒店\"}<=accommodation_name_set)",
        "result=(day_count(plan)==2)",
        "result=(people_count(plan)==1)",
        "result=True\nfor activity in allactivities(plan):\n  if activity_type(activity) in ['attraction', 'airplane', 'train'] and activity_tickets(activity)!=1: result=False\n  if innercity_transport_type(activity_transports(activity))=='metro'and metro_tickets(activity_transports(activity))!=1: result=False",
        "result=True\nfor activity in allactivities(plan):\n  if innercity_transport_type(activity_transports(activity))=='taxi'and taxi_cars(activity_transports(activity))!=1: result=False"
    ],
    "nature_language": "我们1人，从深圳出发，到上海旅行2天，要求如下：\n希望游览上海植物园 和 涟泉大江户(上海莘庄店) 和 七宝老街\n希望入住以下酒店上海汾阳花园酒店"
}