{
    "uid": "20250321171759977898",
    "start_city": "南京",
    "target_city": "上海",
    "days": 2,
    "people_number": 2,
    "hard_logic_py": [
        "result_list=[]\nattraction_name_set=set()\nfor activity in allactivities(plan):\n  if activity_type(activity)=='attraction': attraction_name_set.add(activity_position(activity))\nresult=({\"徐家汇公园\", \"上海儿童博物馆\"}<=attraction_name_set)\nresult_list.append(result)\nrestaurant_type_set=set()\nfor activity in allactivities(plan):\n  if activity_type(activity) in ['breakfast', 'lunch', 'dinner']: restaurant_type_set.add(restaurant_type(activity, target_city(plan)))\nresult=not({\"湖北菜\", \"本帮菜\"}&restaurant_type_set)\nresult_list.append(result)\nresult=False\nfor r in result_list:\n  result=result or r"
    ],
    "nature_language": "我们2人，从南京出发，到上海旅行2天，要求满足以下任意一个：\n1. 希望游览徐家汇公园 和 上海儿童博物馆\n2. 不希望尝试以下类型的餐厅湖北菜 和 本帮菜"
}