{
    "uid": "20250321223835163013",
    "start_city": "深圳",
    "target_city": "上海",
    "days": 3,
    "people_number": 4,
    "hard_logic_py": [
        "result_list=[]\nattraction_name_set=set()\nfor activity in allactivities(plan):\n  if activity_type(activity)=='attraction': attraction_name_set.add(activity_position(activity))\nresult=({\"武康大楼\", \"沐屿新集\", \"安福路\"}<=attraction_name_set)\nresult_list.append(result)\naccommodation_type_set=set()\nfor activity in allactivities(plan):\n  if activity_type(activity)=='accommodation': accommodation_type_set.add(accommodation_type(activity, target_city(plan)))\nresult=({\"管家服务\"}<=accommodation_type_set)\nresult_list.append(result)\nresult=False\nfor r in result_list:\n  result=result or r"
    ],
    "nature_language": "我们4人，从深圳出发，到上海旅行3天，要求满足以下任意一个：\n1. 希望游览武康大楼 和 沐屿新集 和 安福路\n2. 希望入住以下类型的酒店管家服务"
}