{
    "uid": "20250320201324290906",
    "start_city": "广州",
    "target_city": "上海",
    "days": 4,
    "people_number": 2,
    "hard_logic_py": [
        "restaurant_name_set=set()\nfor activity in allactivities(plan):\n  if activity_type(activity) in ['breakfast', 'lunch', 'dinner']: restaurant_name_set.add(activity_position(activity))\nresult=({\"上海静安凯宾斯基全套房酒店·西餐厅 1Eins Bistro & Lounge\"}<=restaurant_name_set)",
        "result=(day_count(plan)==4)",
        "result=(people_count(plan)==2)",
        "result=True\nfor activity in allactivities(plan):\n  if activity_type(activity) in ['attraction', 'airplane', 'train'] and activity_tickets(activity)!=2: result=False\n  if innercity_transport_type(activity_transports(activity))=='metro'and metro_tickets(activity_transports(activity))!=2: result=False",
        "result=True\nfor activity in allactivities(plan):\n  if innercity_transport_type(activity_transports(activity))=='taxi'and taxi_cars(activity_transports(activity))!=1: result=False"
    ],
    "nature_language": "我们2人，从广州出发，到上海旅行4天，要求如下：\n希望尝试以下餐厅：上海静安凯宾斯基全套房酒店·西餐厅 1Eins Bistro & Lounge"
}