{
    "uid": "20250322002701660383",
    "start_city": "深圳",
    "target_city": "上海",
    "days": 3,
    "people_number": 4,
    "hard_logic_py": [
        "attraction_name_set=set()\nfor activity in allactivities(plan):\n  if activity_type(activity)=='attraction': attraction_name_set.add(activity_position(activity))\nresult=({\"上海动物园\", \"七宝古镇\", \"宝龙美术馆\"}<=attraction_name_set)",
        "accommodation_type_set=set()\nfor activity in allactivities(plan):\n  if activity_type(activity)=='accommodation': accommodation_type_set.add(accommodation_type(activity, target_city(plan)))\nresult=not({\"日光浴场\"}&accommodation_type_set)",
        "result=(day_count(plan)==3)",
        "result=(people_count(plan)==4)",
        "result=True\nfor activity in allactivities(plan):\n  if activity_type(activity) in ['attraction', 'airplane', 'train'] and activity_tickets(activity)!=4: result=False\n  if innercity_transport_type(activity_transports(activity))=='metro'and metro_tickets(activity_transports(activity))!=4: result=False",
        "result=True\nfor activity in allactivities(plan):\n  if innercity_transport_type(activity_transports(activity))=='taxi'and taxi_cars(activity_transports(activity))!=1: result=False"
    ],
    "nature_language": "我们4人，从深圳出发，到上海旅行3天，要求如下：\n希望游览上海动物园 和 七宝古镇 和 宝龙美术馆\n不希望入住以下类型的酒店日光浴场"
}