{
    "uid": "20250320230800586344",
    "start_city": "杭州",
    "target_city": "武汉",
    "days": 4,
    "people_number": 1,
    "hard_logic_py": [
        "accommodation_name_set=set()\nfor activity in allactivities(plan):\n  if activity_type(activity)=='accommodation': accommodation_name_set.add(activity_position(activity))\nresult=not({\"臻程酒店(武汉汉阳江滩国博店)\", \"全季酒店(武汉白沙洲龙湖天街店)\"}&accommodation_name_set)",
        "result=(day_count(plan)==4)",
        "result=(people_count(plan)==1)",
        "result=True\nfor activity in allactivities(plan):\n  if activity_type(activity) in ['attraction', 'airplane', 'train'] and activity_tickets(activity)!=1: result=False\n  if innercity_transport_type(activity_transports(activity))=='metro'and metro_tickets(activity_transports(activity))!=1: result=False",
        "result=True\nfor activity in allactivities(plan):\n  if innercity_transport_type(activity_transports(activity))=='taxi'and taxi_cars(activity_transports(activity))!=1: result=False"
    ],
    "nature_language": "我们1人，从杭州出发，到武汉旅行4天，要求如下：\n不希望入住以下酒店臻程酒店(武汉汉阳江滩国博店) 和 全季酒店(武汉白沙洲龙湖天街店)"
}