{
    "uid": "20250322004649701414",
    "start_city": "重庆",
    "target_city": "成都",
    "days": 5,
    "people_number": 5,
    "hard_logic_py": [
        "result_list=[]\nattraction_name_set=set()\nfor activity in allactivities(plan):\n  if activity_type(activity)=='attraction': attraction_name_set.add(activity_position(activity))\nresult=not({\"文殊院\"}&attraction_name_set)\nresult_list.append(result)\naccommodation_cost=0\nfor activity in allactivities(plan):\n  if activity_type(activity)=='accommodation': accommodation_cost+=activity_cost(activity)\nresult=accommodation_cost<=9600\nresult_list.append(result)\nresult=False\nfor r in result_list:\n  result=result or r"
    ],
    "nature_language": "我们5人，从重庆出发，到成都旅行5天，要求满足以下任意一个：\n1. 不希望游览文殊院\n2. 在住宿上的预算为9600.0"
}