{
    "uid": "20250320194443761703",
    "start_city": "北京",
    "target_city": "成都",
    "days": 2,
    "people_number": 4,
    "hard_logic_py": [
        "attraction_cost=0\nfor activity in allactivities(plan):\n  if activity_type(activity)=='attraction': attraction_cost+=activity_cost(activity)\nresult=attraction_cost<=0",
        "result=(day_count(plan)==2)",
        "result=(people_count(plan)==4)",
        "result=True\nfor activity in allactivities(plan):\n  if activity_type(activity) in ['attraction', 'airplane', 'train'] and activity_tickets(activity)!=4: result=False\n  if innercity_transport_type(activity_transports(activity))=='metro'and metro_tickets(activity_transports(activity))!=4: result=False",
        "result=True\nfor activity in allactivities(plan):\n  if innercity_transport_type(activity_transports(activity))=='taxi'and taxi_cars(activity_transports(activity))!=1: result=False"
    ],
    "nature_language": "我们4人，从北京出发，到成都旅行2天，要求如下：\n希望只游览免费景点"
}