{
    "uid": "20250321191110067884",
    "start_city": "南京",
    "target_city": "北京",
    "days": 2,
    "people_number": 5,
    "hard_logic_py": [
        "result_list=[]\nattraction_name_set=set()\nfor activity in allactivities(plan):\n  if activity_type(activity)=='attraction': attraction_name_set.add(activity_position(activity))\nresult=not({\"昆明湖\", \"定陵\"}&attraction_name_set)\nresult_list.append(result)\nrestaurant_cost=0\nfor activity in allactivities(plan):\n  if activity_type(activity) in ['breakfast', 'lunch', 'dinner']: restaurant_cost+=activity_cost(activity)\nresult=restaurant_cost<=1100\nresult_list.append(result)\nresult=False\nfor r in result_list:\n  result=result or r"
    ],
    "nature_language": "我们5人，从南京出发，到北京旅行2天，要求满足以下任意一个：\n1. 不希望游览昆明湖 和 定陵\n2. 在用餐上的预算为1100.0"
}