{
    "uid": "20250321110628326429",
    "start_city": "上海",
    "target_city": "深圳",
    "days": 4,
    "people_number": 3,
    "hard_logic_py": [
        "attraction_name_set=set()\nfor activity in allactivities(plan):\n  if activity_type(activity)=='attraction': attraction_name_set.add(activity_position(activity))\nresult=not({\"前海演艺公园\"}&attraction_name_set)",
        "attraction_type_set=set()\nfor activity in allactivities(plan):\n  if activity_type(activity)=='attraction': attraction_type_set.add(attraction_type(activity, target_city(plan)))\nresult=({\"公园\", \"游乐园/体育娱乐\", \"自然风光\"}&attraction_type_set)",
        "result=(day_count(plan)==4)",
        "result=(people_count(plan)==3)",
        "result=True\nfor activity in allactivities(plan):\n  if activity_type(activity) in ['attraction', 'airplane', 'train'] and activity_tickets(activity)!=3: result=False\n  if innercity_transport_type(activity_transports(activity))=='metro'and metro_tickets(activity_transports(activity))!=3: result=False",
        "result=True\nfor activity in allactivities(plan):\n  if innercity_transport_type(activity_transports(activity))=='taxi'and taxi_cars(activity_transports(activity))!=1: result=False"
    ],
    "nature_language": "我们3人，从上海出发，到深圳旅行4天，要求如下：\n不希望游览前海演艺公园\n希望游览公园 或 游乐园/体育娱乐 或 自然风光"
}