{
    "uid": "20250321002940862083",
    "start_city": "广州",
    "target_city": "深圳",
    "days": 5,
    "people_number": 2,
    "hard_logic_py": [
        "accommodation_type_set=set()\nfor activity in allactivities(plan):\n  if activity_type(activity)=='accommodation': accommodation_type_set.add(accommodation_type(activity, target_city(plan)))\nresult=({\"免费停车\"}<=accommodation_type_set)",
        "result=(day_count(plan)==5)",
        "result=(people_count(plan)==2)",
        "result=True\nfor activity in allactivities(plan):\n  if activity_type(activity) in ['attraction', 'airplane', 'train'] and activity_tickets(activity)!=2: result=False\n  if innercity_transport_type(activity_transports(activity))=='metro'and metro_tickets(activity_transports(activity))!=2: result=False",
        "result=True\nfor activity in allactivities(plan):\n  if innercity_transport_type(activity_transports(activity))=='taxi'and taxi_cars(activity_transports(activity))!=1: result=False"
    ],
    "nature_language": "我们2人，从广州出发，到深圳旅行5天，要求如下：\n希望入住以下类型的酒店免费停车"
}