{
    "uid": "20250321220438546767",
    "start_city": "武汉",
    "target_city": "成都",
    "days": 2,
    "people_number": 2,
    "hard_logic_py": [
        "result_list=[]\nattraction_name_set=set()\nfor activity in allactivities(plan):\n  if activity_type(activity)=='attraction': attraction_name_set.add(activity_position(activity))\nresult=not({\"文殊院\"}&attraction_name_set)\nresult_list.append(result)\naccommodation_name_set=set()\nfor activity in allactivities(plan):\n  if activity_type(activity)=='accommodation': accommodation_name_set.add(activity_position(activity))\nresult=({\"Sia Suites西雅轻奢公寓(成都太古里店)\"}<=accommodation_name_set)\nresult_list.append(result)\nresult=False\nfor r in result_list:\n  result=result or r"
    ],
    "nature_language": "我们2人，从武汉出发，到成都旅行2天，要求满足以下任意一个：\n1. 不希望游览文殊院\n2. 希望入住以下酒店Sia Suites西雅轻奢公寓(成都太古里店)"
}