{
    "uid": "20250321234117391956",
    "start_city": "苏州",
    "target_city": "南京",
    "days": 2,
    "people_number": 3,
    "hard_logic_py": [
        "result_list=[]\nattraction_name_set=set()\nfor activity in allactivities(plan):\n  if activity_type(activity)=='attraction': attraction_name_set.add(activity_position(activity))\nresult=({\"世界之窗\"}<=attraction_name_set)\nresult_list.append(result)\naccommodation_type_set=set()\nfor activity in allactivities(plan):\n  if activity_type(activity)=='accommodation': accommodation_type_set.add(accommodation_type(activity, target_city(plan)))\nresult=({\"泳池\"}<=accommodation_type_set)\nresult_list.append(result)\nresult=False\nfor r in result_list:\n  result=result or r"
    ],
    "nature_language": "我们3人，从苏州出发，到南京旅行2天，要求满足以下任意一个：\n1. 希望游览世界之窗\n2. 希望入住以下类型的酒店泳池"
}