{
    "uid": "20250322024022956610",
    "start_city": "北京",
    "target_city": "深圳",
    "days": 3,
    "people_number": 1,
    "hard_logic_py": [
        "result_list=[]\nattraction_name_set=set()\nfor activity in allactivities(plan):\n  if activity_type(activity)=='attraction': attraction_name_set.add(activity_position(activity))\nresult=not({\"深圳湾公园\"}&attraction_name_set)\nresult_list.append(result)\ninner_city_transportation_set=set()\nfor activity in allactivities(plan):\n  if activity_type(activity)=='transportation': inner_city_transportation_set.add(activity_position(activity))\nresult=not({\"walk\", \"taxi\"}&inner_city_transportation_set)\nresult_list.append(result)\nresult=False\nfor r in result_list:\n  result=result or r"
    ],
    "nature_language": "我们1人，从北京出发，到深圳旅行3天，要求满足以下任意一个：\n1. 不希望游览深圳湾公园\n2. 不希望以walk 和 taxi方式在城市内出行"
}