{
    "uid": "20250322025524421659",
    "start_city": "武汉",
    "target_city": "北京",
    "days": 4,
    "people_number": 4,
    "hard_logic_py": [
        "result_list=[]\nattraction_name_set=set()\nfor activity in allactivities(plan):\n  if activity_type(activity)=='attraction': attraction_name_set.add(activity_position(activity))\nresult=({\"前门大街\", \"潘家园旧货市场\"}<=attraction_name_set)\nresult_list.append(result)\ninner_city_transportation_set=set()\nfor activity in allactivities(plan):\n  if activity_type(activity)=='transportation': inner_city_transportation_set.add(activity_position(activity))\nresult=not({\"walk\", \"taxi\"}&inner_city_transportation_set)\nresult_list.append(result)\nresult=False\nfor r in result_list:\n  result=result or r"
    ],
    "nature_language": "我们4人，从武汉出发，到北京旅行4天，要求满足以下任意一个：\n1. 希望游览前门大街 和 潘家园旧货市场\n2. 不希望以walk 和 taxi方式在城市内出行"
}