{
    "uid": "20250321053330523347",
    "start_city": "成都",
    "target_city": "苏州",
    "days": 3,
    "people_number": 4,
    "hard_logic_py": [
        "result=False\nfor activity in allactivities(plan):\n  if activity_position(activity)=='虎丘山风景名胜区-虎丘塔':\n    if activity_end_time(activity)>='09:50':\n      result=True",
        "result=(day_count(plan)==3)",
        "result=(people_count(plan)==4)",
        "result=True\nfor activity in allactivities(plan):\n  if activity_type(activity) in ['attraction', 'airplane', 'train'] and activity_tickets(activity)!=4: result=False\n  if innercity_transport_type(activity_transports(activity))=='metro'and metro_tickets(activity_transports(activity))!=4: result=False",
        "result=True\nfor activity in allactivities(plan):\n  if innercity_transport_type(activity_transports(activity))=='taxi'and taxi_cars(activity_transports(activity))!=1: result=False"
    ],
    "nature_language": "我们4人，从成都出发，到苏州旅行3天，要求如下：\n希望不早于09:50离开虎丘山风景名胜区-虎丘塔"
}