{
    "uid": "20250321210116163263",
    "start_city": "杭州",
    "target_city": "成都",
    "days": 2,
    "people_number": 3,
    "hard_logic_py": [
        "result_list=[]\nattraction_name_set=set()\nfor activity in allactivities(plan):\n  if activity_type(activity)=='attraction': attraction_name_set.add(activity_position(activity))\nresult=({\"天府芙蓉园\"}<=attraction_name_set)\nresult_list.append(result)\naccommodation_name_set=set()\nfor activity in allactivities(plan):\n  if activity_type(activity)=='accommodation': accommodation_name_set.add(activity_position(activity))\nresult=({\"隐栖堂美学生活酒店(宽窄巷子人民公园地铁站店)\"}<=accommodation_name_set)\nresult_list.append(result)\nresult=False\nfor r in result_list:\n  result=result or r"
    ],
    "nature_language": "我们3人，从杭州出发，到成都旅行2天，要求满足以下任意一个：\n1. 希望游览天府芙蓉园\n2. 希望入住以下酒店隐栖堂美学生活酒店(宽窄巷子人民公园地铁站店)"
}