{
    "uid": "20250321154435563335",
    "start_city": "深圳",
    "target_city": "上海",
    "days": 3,
    "people_number": 4,
    "hard_logic_py": [
        "result_list=[]\nattraction_name_set=set()\nfor activity in allactivities(plan):\n  if activity_type(activity)=='attraction': attraction_name_set.add(activity_position(activity))\nresult=({\"上海宋庆龄故居纪念馆\", \"张爱玲故居\", \"长乐路\"}<=attraction_name_set)\nresult_list.append(result)\nrestaurant_name_set=set()\nfor activity in allactivities(plan):\n  if activity_type(activity) in ['breakfast', 'lunch', 'dinner']: restaurant_name_set.add(activity_position(activity))\nresult=not({\"上海浦东丽思卡尔顿酒店·Scena di Angelo\"}&restaurant_name_set)\nresult_list.append(result)\nresult=False\nfor r in result_list:\n  result=result or r"
    ],
    "nature_language": "我们4人，从深圳出发，到上海旅行3天，要求满足以下任意一个：\n1. 希望游览上海宋庆龄故居纪念馆 和 张爱玲故居 和 长乐路\n2. 不希望尝试以下餐厅：上海浦东丽思卡尔顿酒店·Scena di Angelo"
}