{
    "uid": "20250321063507442332",
    "start_city": "苏州",
    "target_city": "杭州",
    "days": 3,
    "people_number": 2,
    "hard_logic_py": [
        "result=False\nfor activity in allactivities(plan):\n  if activity_position(activity)=='三郎日料•烧肉酒场(文晖店)':\n    if activity_end_time(activity)>='17:50':\n      result=True",
        "result=(day_count(plan)==3)",
        "result=(people_count(plan)==2)",
        "result=True\nfor activity in allactivities(plan):\n  if activity_type(activity) in ['attraction', 'airplane', 'train'] and activity_tickets(activity)!=2: result=False\n  if innercity_transport_type(activity_transports(activity))=='metro'and metro_tickets(activity_transports(activity))!=2: result=False",
        "result=True\nfor activity in allactivities(plan):\n  if innercity_transport_type(activity_transports(activity))=='taxi'and taxi_cars(activity_transports(activity))!=1: result=False"
    ],
    "nature_language": "我们2人，从苏州出发，到杭州旅行3天，要求如下：\n希望不早于17:50离开三郎日料•烧肉酒场(文晖店)"
}