{
    "uid": "20250320233559931429",
    "start_city": "上海",
    "target_city": "苏州",
    "days": 3,
    "people_number": 5,
    "hard_logic_py": [
        "accommodation_name_set=set()\nfor activity in allactivities(plan):\n  if activity_type(activity)=='accommodation': accommodation_name_set.add(activity_position(activity))\nresult=({\"清能宜尚PLUS酒店(苏州吴江东太湖万宝商业广场店)\", \"苏州金普顿竹辉酒店\"}&accommodation_name_set)",
        "result=(day_count(plan)==3)",
        "result=(people_count(plan)==5)",
        "result=True\nfor activity in allactivities(plan):\n  if activity_type(activity) in ['attraction', 'airplane', 'train'] and activity_tickets(activity)!=5: result=False\n  if innercity_transport_type(activity_transports(activity))=='metro'and metro_tickets(activity_transports(activity))!=5: result=False",
        "result=True\nfor activity in allactivities(plan):\n  if innercity_transport_type(activity_transports(activity))=='taxi'and taxi_cars(activity_transports(activity))!=2: result=False"
    ],
    "nature_language": "我们5人，从上海出发，到苏州旅行3天，要求如下：\n希望入住以下酒店之一清能宜尚PLUS酒店(苏州吴江东太湖万宝商业广场店) 或 苏州金普顿竹辉酒店"
}