{
    "uid": "20250322025145431487",
    "start_city": "深圳",
    "target_city": "上海",
    "days": 2,
    "people_number": 1,
    "hard_logic_py": [
        "attraction_name_set=set()\nfor activity in allactivities(plan):\n  if activity_type(activity)=='attraction': attraction_name_set.add(activity_position(activity))\nresult=({\"陆家嘴中心绿地\", \"威尼斯小镇\", \"黑色博物馆BLACK MUSEUM\"}<=attraction_name_set)",
        "inner_city_transportation_set=set()\nfor activity in allactivities(plan):\n  if activity_type(activity)=='transportation': inner_city_transportation_set.add(activity_position(activity))\nresult=not({\"walk\", \"taxi\"}&inner_city_transportation_set)",
        "result=(day_count(plan)==2)",
        "result=(people_count(plan)==1)",
        "result=True\nfor activity in allactivities(plan):\n  if activity_type(activity) in ['attraction', 'airplane', 'train'] and activity_tickets(activity)!=1: result=False\n  if innercity_transport_type(activity_transports(activity))=='metro'and metro_tickets(activity_transports(activity))!=1: result=False",
        "result=True\nfor activity in allactivities(plan):\n  if innercity_transport_type(activity_transports(activity))=='taxi'and taxi_cars(activity_transports(activity))!=1: result=False"
    ],
    "nature_language": "我们1人，从深圳出发，到上海旅行2天，要求如下：\n希望游览陆家嘴中心绿地 和 威尼斯小镇 和 黑色博物馆BLACK MUSEUM\n不希望以walk 和 taxi方式在城市内出行"
}