{
    "uid": "20250321191408263156",
    "start_city": "武汉",
    "target_city": "北京",
    "days": 4,
    "people_number": 4,
    "hard_logic_py": [
        "result_list=[]\nattraction_name_set=set()\nfor activity in allactivities(plan):\n  if activity_type(activity)=='attraction': attraction_name_set.add(activity_position(activity))\nresult=({\"老北京风情街\", \"紫竹院公园\"}<=attraction_name_set)\nresult_list.append(result)\nrestaurant_cost=0\nfor activity in allactivities(plan):\n  if activity_type(activity) in ['breakfast', 'lunch', 'dinner']: restaurant_cost+=activity_cost(activity)\nresult=restaurant_cost<=14000\nresult_list.append(result)\nresult=False\nfor r in result_list:\n  result=result or r"
    ],
    "nature_language": "我们4人，从武汉出发，到北京旅行4天，要求满足以下任意一个：\n1. 希望游览老北京风情街 和 紫竹院公园\n2. 在用餐上的预算为14000.0"
}