{
    "uid": "20250320230439861563",
    "start_city": "成都",
    "target_city": "苏州",
    "days": 5,
    "people_number": 4,
    "hard_logic_py": [
        "accommodation_name_set=set()\nfor activity in allactivities(plan):\n  if activity_type(activity)=='accommodation': accommodation_name_set.add(activity_position(activity))\nresult=({\"启达酒店(苏州金鸡湖李公堤店)\", \"璞拾环球188公寓(苏州园区金鸡湖店)\"}&accommodation_name_set)",
        "result=(day_count(plan)==5)",
        "result=(people_count(plan)==4)",
        "result=True\nfor activity in allactivities(plan):\n  if activity_type(activity) in ['attraction', 'airplane', 'train'] and activity_tickets(activity)!=4: result=False\n  if innercity_transport_type(activity_transports(activity))=='metro'and metro_tickets(activity_transports(activity))!=4: result=False",
        "result=True\nfor activity in allactivities(plan):\n  if innercity_transport_type(activity_transports(activity))=='taxi'and taxi_cars(activity_transports(activity))!=1: result=False"
    ],
    "nature_language": "我们4人，从成都出发，到苏州旅行5天，要求如下：\n希望入住以下酒店之一启达酒店(苏州金鸡湖李公堤店) 或 璞拾环球188公寓(苏州园区金鸡湖店)"
}