{
    "uid": "20250321120041196263",
    "start_city": "深圳",
    "target_city": "上海",
    "days": 3,
    "people_number": 3,
    "hard_logic_py": [
        "result_list=[]\nattraction_name_set=set()\nfor activity in allactivities(plan):\n  if activity_type(activity)=='attraction': attraction_name_set.add(activity_position(activity))\nresult=not({\"上海之巅观光厅\"}&attraction_name_set)\nresult_list.append(result)\nattraction_cost=0\nfor activity in allactivities(plan):\n  if activity_type(activity)=='attraction': attraction_cost+=activity_cost(activity)\nresult=attraction_cost<=700\nresult_list.append(result)\nresult=False\nfor r in result_list:\n  result=result or r"
    ],
    "nature_language": "我们3人，从深圳出发，到上海旅行3天，要求满足以下任意一个：\n1. 不希望游览上海之巅观光厅\n2. 在游览上的预算为700.0"
}