{
    "uid": "20250320203635414907",
    "start_city": "杭州",
    "target_city": "重庆",
    "days": 4,
    "people_number": 3,
    "hard_logic_py": [
        "restaurant_name_set=set()\nfor activity in allactivities(plan):\n  if activity_type(activity) in ['breakfast', 'lunch', 'dinner']: restaurant_name_set.add(activity_position(activity))\nresult=not({\"无名烧菜\", \"重庆富力艾美酒店·曙亚洲餐厅\"}&restaurant_name_set)",
        "result=(day_count(plan)==4)",
        "result=(people_count(plan)==3)",
        "result=True\nfor activity in allactivities(plan):\n  if activity_type(activity) in ['attraction', 'airplane', 'train'] and activity_tickets(activity)!=3: result=False\n  if innercity_transport_type(activity_transports(activity))=='metro'and metro_tickets(activity_transports(activity))!=3: result=False",
        "result=True\nfor activity in allactivities(plan):\n  if innercity_transport_type(activity_transports(activity))=='taxi'and taxi_cars(activity_transports(activity))!=1: result=False"
    ],
    "nature_language": "我们3人，从杭州出发，到重庆旅行4天，要求如下：\n不希望尝试以下餐厅：无名烧菜 和 重庆富力艾美酒店·曙亚洲餐厅"
}