{
    "uid": "20250321211556150509",
    "start_city": "苏州",
    "target_city": "南京",
    "days": 2,
    "people_number": 3,
    "hard_logic_py": [
        "result_list=[]\nattraction_name_set=set()\nfor activity in allactivities(plan):\n  if activity_type(activity)=='attraction': attraction_name_set.add(activity_position(activity))\nresult=({\"南京文化艺术中心\"}<=attraction_name_set)\nresult_list.append(result)\naccommodation_name_set=set()\nfor activity in allactivities(plan):\n  if activity_type(activity)=='accommodation': accommodation_name_set.add(activity_position(activity))\nresult=({\"南京苏宁雅悦洲豪公寓(新街口地铁站店)\"}<=accommodation_name_set)\nresult_list.append(result)\nresult=False\nfor r in result_list:\n  result=result or r"
    ],
    "nature_language": "我们3人，从苏州出发，到南京旅行2天，要求满足以下任意一个：\n1. 希望游览南京文化艺术中心\n2. 希望入住以下酒店南京苏宁雅悦洲豪公寓(新街口地铁站店)"
}