{
    "uid": "20250321194201116841",
    "start_city": "苏州",
    "target_city": "重庆",
    "days": 3,
    "people_number": 1,
    "hard_logic_py": [
        "result_list=[]\nattraction_name_set=set()\nfor activity in allactivities(plan):\n  if activity_type(activity)=='attraction': attraction_name_set.add(activity_position(activity))\nresult=not({\"重庆欢乐谷\"}&attraction_name_set)\nresult_list.append(result)\nrestaurant_cost=0\nfor activity in allactivities(plan):\n  if activity_type(activity) in ['breakfast', 'lunch', 'dinner']: restaurant_cost+=activity_cost(activity)\nresult=restaurant_cost<=500\nresult_list.append(result)\nresult=False\nfor r in result_list:\n  result=result or r"
    ],
    "nature_language": "我们1人，从苏州出发，到重庆旅行3天，要求满足以下任意一个：\n1. 不希望游览重庆欢乐谷\n2. 在用餐上的预算为500.0"
}