{
    "uid": "20250321193634186749",
    "start_city": "苏州",
    "target_city": "杭州",
    "days": 4,
    "people_number": 4,
    "hard_logic_py": [
        "attraction_name_set=set()\nfor activity in allactivities(plan):\n  if activity_type(activity)=='attraction': attraction_name_set.add(activity_position(activity))\nresult=({\"浙农东巢艺术公园\"}<=attraction_name_set)",
        "restaurant_cost=0\nfor activity in allactivities(plan):\n  if activity_type(activity) in ['breakfast', 'lunch', 'dinner']: restaurant_cost+=activity_cost(activity)\nresult=restaurant_cost<=5400",
        "result=(day_count(plan)==4)",
        "result=(people_count(plan)==4)",
        "result=True\nfor activity in allactivities(plan):\n  if activity_type(activity) in ['attraction', 'airplane', 'train'] and activity_tickets(activity)!=4: result=False\n  if innercity_transport_type(activity_transports(activity))=='metro'and metro_tickets(activity_transports(activity))!=4: result=False",
        "result=True\nfor activity in allactivities(plan):\n  if innercity_transport_type(activity_transports(activity))=='taxi'and taxi_cars(activity_transports(activity))!=1: result=False"
    ],
    "nature_language": "我们4人，从苏州出发，到杭州旅行4天，要求如下：\n希望游览浙农东巢艺术公园\n在用餐上的预算为5400.0"
}