{
    "uid": "20250322022759844191",
    "start_city": "深圳",
    "target_city": "上海",
    "days": 3,
    "people_number": 4,
    "hard_logic_py": [
        "attraction_name_set=set()\nfor activity in allactivities(plan):\n  if activity_type(activity)=='attraction': attraction_name_set.add(activity_position(activity))\nresult=({\"金茂大厦云中漫步\", \"南京路步行街\", \"1192弄老上海风情街(世纪汇广场店)\"}<=attraction_name_set)",
        "accommodation_cost=0\nfor activity in allactivities(plan):\n  if activity_type(activity)=='accommodation': accommodation_cost+=activity_cost(activity)\nresult=accommodation_cost<=4100",
        "result=(day_count(plan)==3)",
        "result=(people_count(plan)==4)",
        "result=True\nfor activity in allactivities(plan):\n  if activity_type(activity) in ['attraction', 'airplane', 'train'] and activity_tickets(activity)!=4: result=False\n  if innercity_transport_type(activity_transports(activity))=='metro'and metro_tickets(activity_transports(activity))!=4: result=False",
        "result=True\nfor activity in allactivities(plan):\n  if innercity_transport_type(activity_transports(activity))=='taxi'and taxi_cars(activity_transports(activity))!=1: result=False"
    ],
    "nature_language": "我们4人，从深圳出发，到上海旅行3天，要求如下：\n希望游览金茂大厦云中漫步 和 南京路步行街 和 1192弄老上海风情街(世纪汇广场店)\n在住宿上的预算为4100.0"
}