{
    "uid": "20250321142505901653",
    "start_city": "武汉",
    "target_city": "苏州",
    "days": 5,
    "people_number": 4,
    "hard_logic_py": [
        "attraction_name_set=set()\nfor activity in allactivities(plan):\n  if activity_type(activity)=='attraction': attraction_name_set.add(activity_position(activity))\nresult=({\"东沙湖生态公园\", \"苏州古运河游船(齐门码头)\"}<=attraction_name_set)",
        "restaurant_name_set=set()\nfor activity in allactivities(plan):\n  if activity_type(activity) in ['breakfast', 'lunch', 'dinner']: restaurant_name_set.add(activity_position(activity))\nresult=({\"火地铁板烧(高铁吾悦店)\"}&restaurant_name_set)",
        "result=(day_count(plan)==5)",
        "result=(people_count(plan)==4)",
        "result=True\nfor activity in allactivities(plan):\n  if activity_type(activity) in ['attraction', 'airplane', 'train'] and activity_tickets(activity)!=4: result=False\n  if innercity_transport_type(activity_transports(activity))=='metro'and metro_tickets(activity_transports(activity))!=4: result=False",
        "result=True\nfor activity in allactivities(plan):\n  if innercity_transport_type(activity_transports(activity))=='taxi'and taxi_cars(activity_transports(activity))!=1: result=False"
    ],
    "nature_language": "我们4人，从武汉出发，到苏州旅行5天，要求如下：\n希望游览东沙湖生态公园 和 苏州古运河游船(齐门码头)\n希望尝试以下餐厅之一： 火地铁板烧(高铁吾悦店)"
}