{
    "uid": "20250321103053313408",
    "start_city": "上海",
    "target_city": "南京",
    "days": 3,
    "people_number": 2,
    "hard_logic_py": [
        "result_list=[]\nattraction_name_set=set()\nfor activity in allactivities(plan):\n  if activity_type(activity)=='attraction': attraction_name_set.add(activity_position(activity))\nresult=not({\"太平天国历史博物馆(瞻园)\"}&attraction_name_set)\nresult_list.append(result)\nattraction_type_set=set()\nfor activity in allactivities(plan):\n  if activity_type(activity)=='attraction': attraction_type_set.add(attraction_type(activity, target_city(plan)))\nresult=({\"人文景观\"}<=attraction_type_set)\nresult_list.append(result)\nresult=False\nfor r in result_list:\n  result=result or r"
    ],
    "nature_language": "我们2人，从上海出发，到南京旅行3天，要求满足以下任意一个：\n1. 不希望游览太平天国历史博物馆(瞻园)\n2. 希望游览人文景观"
}