{
    "uid": "20250321214042815707",
    "start_city": "武汉",
    "target_city": "上海",
    "days": 4,
    "people_number": 3,
    "hard_logic_py": [
        "result_list=[]\nattraction_name_set=set()\nfor activity in allactivities(plan):\n  if activity_type(activity)=='attraction': attraction_name_set.add(activity_position(activity))\nresult=({\"黄河路\"}<=attraction_name_set)\nresult_list.append(result)\naccommodation_name_set=set()\nfor activity in allactivities(plan):\n  if activity_type(activity)=='accommodation': accommodation_name_set.add(activity_position(activity))\nresult=({\"上海虹桥韩国街亚朵酒店\"}<=accommodation_name_set)\nresult_list.append(result)\nresult=False\nfor r in result_list:\n  result=result or r"
    ],
    "nature_language": "我们3人，从武汉出发，到上海旅行4天，要求满足以下任意一个：\n1. 希望游览黄河路\n2. 希望入住以下酒店上海虹桥韩国街亚朵酒店"
}