{
    "uid": "20250322032758356430",
    "start_city": "重庆",
    "target_city": "成都",
    "days": 5,
    "people_number": 5,
    "hard_logic_py": [
        "attraction_name_set=set()\nfor activity in allactivities(plan):\n  if activity_type(activity)=='attraction': attraction_name_set.add(activity_position(activity))\nresult=({\"超级时空魔方(成都)元宇宙体验馆\"}<=attraction_name_set)",
        "inner_city_transportation_set=set()\nfor activity in allactivities(plan):\n  if activity_type(activity)=='transportation': inner_city_transportation_set.add(activity_position(activity))\nresult=not({\"taxi\"}&inner_city_transportation_set)",
        "result=(day_count(plan)==5)",
        "result=(people_count(plan)==5)",
        "result=True\nfor activity in allactivities(plan):\n  if activity_type(activity) in ['attraction', 'airplane', 'train'] and activity_tickets(activity)!=5: result=False\n  if innercity_transport_type(activity_transports(activity))=='metro'and metro_tickets(activity_transports(activity))!=5: result=False",
        "result=True\nfor activity in allactivities(plan):\n  if innercity_transport_type(activity_transports(activity))=='taxi'and taxi_cars(activity_transports(activity))!=2: result=False"
    ],
    "nature_language": "我们5人，从重庆出发，到成都旅行5天，要求如下：\n希望游览超级时空魔方(成都)元宇宙体验馆\n不希望以taxi方式在城市内出行"
}