{
    "uid": "20250321062440300054",
    "start_city": "南京",
    "target_city": "北京",
    "days": 4,
    "people_number": 3,
    "hard_logic_py": [
        "result=False\nidx_activity0=0\nidx_activity1=0\ni=0\nfor activity in allactivities(plan):\n  if activity_position(activity)=='文宇奶酪店(南锣鼓巷店)':\n    idx_activity0=i\n  if activity_position(activity)=='银河SOHO':\n    idx_activity1=i\n  i+=1\nif idx_activity0<idx_activity1:\n  result=True",
        "result=(day_count(plan)==4)",
        "result=(people_count(plan)==3)",
        "result=True\nfor activity in allactivities(plan):\n  if activity_type(activity) in ['attraction', 'airplane', 'train'] and activity_tickets(activity)!=3: result=False\n  if innercity_transport_type(activity_transports(activity))=='metro'and metro_tickets(activity_transports(activity))!=3: result=False",
        "result=True\nfor activity in allactivities(plan):\n  if innercity_transport_type(activity_transports(activity))=='taxi'and taxi_cars(activity_transports(activity))!=1: result=False"
    ],
    "nature_language": "我们3人，从南京出发，到北京旅行4天，要求如下：\n希望先去文宇奶酪店(南锣鼓巷店)，再去银河SOHO"
}