{
    "uid": "20250321152015286634",
    "start_city": "成都",
    "target_city": "深圳",
    "days": 4,
    "people_number": 3,
    "hard_logic_py": [
        "result_list=[]\nattraction_name_set=set()\nfor activity in allactivities(plan):\n  if activity_type(activity)=='attraction': attraction_name_set.add(activity_position(activity))\nresult=({\"深圳美术馆(东湖馆)\"}<=attraction_name_set)\nresult_list.append(result)\nrestaurant_name_set=set()\nfor activity in allactivities(plan):\n  if activity_type(activity) in ['breakfast', 'lunch', 'dinner']: restaurant_name_set.add(activity_position(activity))\nresult=({\"gaga(喜荟城店)\"}&restaurant_name_set)\nresult_list.append(result)\nresult=False\nfor r in result_list:\n  result=result or r"
    ],
    "nature_language": "我们3人，从成都出发，到深圳旅行4天，要求满足以下任意一个：\n1. 希望游览深圳美术馆(东湖馆)\n2. 希望尝试以下餐厅之一： gaga(喜荟城店)"
}