{
    "uid": "20250321024049457211",
    "start_city": "杭州",
    "target_city": "广州",
    "days": 2,
    "people_number": 2,
    "hard_logic_py": [
        "inner_city_transportation_cost=0 \nfor activity in allactivities(plan):\n    inner_city_transportation_cost += innercity_transport_cost(activity_transports(activity))\nresult=(inner_city_transportation_cost<=20)",
        "result=(day_count(plan)==2)",
        "result=(people_count(plan)==2)",
        "result=True\nfor activity in allactivities(plan):\n  if activity_type(activity) in ['attraction', 'airplane', 'train'] and activity_tickets(activity)!=2: result=False\n  if innercity_transport_type(activity_transports(activity))=='metro'and metro_tickets(activity_transports(activity))!=2: result=False",
        "result=True\nfor activity in allactivities(plan):\n  if innercity_transport_type(activity_transports(activity))=='taxi'and taxi_cars(activity_transports(activity))!=1: result=False"
    ],
    "nature_language": "我们2人，从杭州出发，到广州旅行2天，要求如下：\n在城市内出行的预算为20.0"
}