{
    "uid": "20250321114418474179",
    "start_city": "南京",
    "target_city": "苏州",
    "days": 3,
    "people_number": 2,
    "hard_logic_py": [
        "result_list=[]\nattraction_name_set=set()\nfor activity in allactivities(plan):\n  if activity_type(activity)=='attraction': attraction_name_set.add(activity_position(activity))\nresult=({\"苏州湾旅游区\", \"桃花岛\"}<=attraction_name_set)\nresult_list.append(result)\nattraction_type_set=set()\nfor activity in allactivities(plan):\n  if activity_type(activity)=='attraction': attraction_type_set.add(attraction_type(activity, target_city(plan)))\nresult=not({\"美术馆/艺术馆\", \"红色景点\"}&attraction_type_set)\nresult_list.append(result)\nresult=False\nfor r in result_list:\n  result=result or r"
    ],
    "nature_language": "我们2人，从南京出发，到苏州旅行3天，要求满足以下任意一个：\n1. 希望游览苏州湾旅游区 和 桃花岛\n2. 不希望游览美术馆/艺术馆 和 红色景点"
}