{
    "uid": "20250321181554042448",
    "start_city": "重庆",
    "target_city": "成都",
    "days": 5,
    "people_number": 5,
    "hard_logic_py": [
        "result_list=[]\nattraction_name_set=set()\nfor activity in allactivities(plan):\n  if activity_type(activity)=='attraction': attraction_name_set.add(activity_position(activity))\nresult=not({\"成都自然博物馆\"}&attraction_name_set)\nresult_list.append(result)\nrestaurant_cost=0\nfor activity in allactivities(plan):\n  if activity_type(activity) in ['breakfast', 'lunch', 'dinner']: restaurant_cost+=activity_cost(activity)\nresult=restaurant_cost<=6100\nresult_list.append(result)\nresult=False\nfor r in result_list:\n  result=result or r"
    ],
    "nature_language": "我们5人，从重庆出发，到成都旅行5天，要求满足以下任意一个：\n1. 不希望游览成都自然博物馆\n2. 在用餐上的预算为6100.0"
}