{
    "uid": "20250321143013205047",
    "start_city": "上海",
    "target_city": "深圳",
    "days": 4,
    "people_number": 3,
    "hard_logic_py": [
        "attraction_name_set=set()\nfor activity in allactivities(plan):\n  if activity_type(activity)=='attraction': attraction_name_set.add(activity_position(activity))\nresult=not({\"深圳博物馆历史民俗馆\"}&attraction_name_set)",
        "restaurant_name_set=set()\nfor activity in allactivities(plan):\n  if activity_type(activity) in ['breakfast', 'lunch', 'dinner']: restaurant_name_set.add(activity_position(activity))\nresult=({\"克茗冰室(金地威新中心店)\", \"野·湖南(侨城坊店)\", \"1001西域餐厅·生日聚会餐厅(欢乐海岸店)\"}<=restaurant_name_set)",
        "result=(day_count(plan)==4)",
        "result=(people_count(plan)==3)",
        "result=True\nfor activity in allactivities(plan):\n  if activity_type(activity) in ['attraction', 'airplane', 'train'] and activity_tickets(activity)!=3: result=False\n  if innercity_transport_type(activity_transports(activity))=='metro'and metro_tickets(activity_transports(activity))!=3: result=False",
        "result=True\nfor activity in allactivities(plan):\n  if innercity_transport_type(activity_transports(activity))=='taxi'and taxi_cars(activity_transports(activity))!=1: result=False"
    ],
    "nature_language": "我们3人，从上海出发，到深圳旅行4天，要求如下：\n不希望游览深圳博物馆历史民俗馆\n希望尝试以下餐厅：克茗冰室(金地威新中心店) 和 野·湖南(侨城坊店) 和 1001西域餐厅·生日聚会餐厅(欢乐海岸店)"
}