{
    "uid": "20250321180734930607",
    "start_city": "深圳",
    "target_city": "上海",
    "days": 3,
    "people_number": 4,
    "hard_logic_py": [
        "result_list=[]\nattraction_name_set=set()\nfor activity in allactivities(plan):\n  if activity_type(activity)=='attraction': attraction_name_set.add(activity_position(activity))\nresult=({\"金陵东路渡口\", \"上海国际邮轮节\", \"武康大楼\"}<=attraction_name_set)\nresult_list.append(result)\nrestaurant_type_set=set()\nfor activity in allactivities(plan):\n  if activity_type(activity) in ['breakfast', 'lunch', 'dinner']: restaurant_type_set.add(restaurant_type(activity, target_city(plan)))\nresult=({\"粤菜\"}<=restaurant_type_set)\nresult_list.append(result)\nresult=False\nfor r in result_list:\n  result=result or r"
    ],
    "nature_language": "我们4人，从深圳出发，到上海旅行3天，要求满足以下任意一个：\n1. 希望游览金陵东路渡口 和 上海国际邮轮节 和 武康大楼\n2. 希望尝试以下类型的餐厅粤菜"
}