{
    "uid": "20250321232250481818",
    "start_city": "深圳",
    "target_city": "上海",
    "days": 2,
    "people_number": 1,
    "hard_logic_py": [
        "attraction_name_set=set()\nfor activity in allactivities(plan):\n  if activity_type(activity)=='attraction': attraction_name_set.add(activity_position(activity))\nresult=({\"武康路\", \"刘海粟美术馆\", \"上海惊魂密境\"}<=attraction_name_set)",
        "accommodation_type_set=set()\nfor activity in allactivities(plan):\n  if activity_type(activity)=='accommodation': accommodation_type_set.add(accommodation_type(activity, target_city(plan)))\nresult=({\"管家服务\"}<=accommodation_type_set)",
        "result=(day_count(plan)==2)",
        "result=(people_count(plan)==1)",
        "result=True\nfor activity in allactivities(plan):\n  if activity_type(activity) in ['attraction', 'airplane', 'train'] and activity_tickets(activity)!=1: result=False\n  if innercity_transport_type(activity_transports(activity))=='metro'and metro_tickets(activity_transports(activity))!=1: result=False",
        "result=True\nfor activity in allactivities(plan):\n  if innercity_transport_type(activity_transports(activity))=='taxi'and taxi_cars(activity_transports(activity))!=1: result=False"
    ],
    "nature_language": "我们1人，从深圳出发，到上海旅行2天，要求如下：\n希望游览武康路 和 刘海粟美术馆 和 上海惊魂密境\n希望入住以下类型的酒店管家服务"
}