{
    "uid": "20250320233037024077",
    "start_city": "北京",
    "target_city": "深圳",
    "days": 2,
    "people_number": 1,
    "hard_logic_py": [
        "accommodation_name_set=set()\nfor activity in allactivities(plan):\n  if activity_type(activity)=='accommodation': accommodation_name_set.add(activity_position(activity))\nresult=not({\"深圳南山深圳湾美居酒店\"}&accommodation_name_set)",
        "result=(day_count(plan)==2)",
        "result=(people_count(plan)==1)",
        "result=True\nfor activity in allactivities(plan):\n  if activity_type(activity) in ['attraction', 'airplane', 'train'] and activity_tickets(activity)!=1: result=False\n  if innercity_transport_type(activity_transports(activity))=='metro'and metro_tickets(activity_transports(activity))!=1: result=False",
        "result=True\nfor activity in allactivities(plan):\n  if innercity_transport_type(activity_transports(activity))=='taxi'and taxi_cars(activity_transports(activity))!=1: result=False"
    ],
    "nature_language": "我们1人，从北京出发，到深圳旅行2天，要求如下：\n不希望入住以下酒店深圳南山深圳湾美居酒店"
}