{
    "uid": "20250321174106457832",
    "start_city": "上海",
    "target_city": "南京",
    "days": 3,
    "people_number": 2,
    "hard_logic_py": [
        "attraction_name_set=set()\nfor activity in allactivities(plan):\n  if activity_type(activity)=='attraction': attraction_name_set.add(activity_position(activity))\nresult=not({\"南京沃德喜马拉雅冰雪乐园\"}&attraction_name_set)",
        "restaurant_type_set=set()\nfor activity in allactivities(plan):\n  if activity_type(activity) in ['breakfast', 'lunch', 'dinner']: restaurant_type_set.add(restaurant_type(activity, target_city(plan)))\nresult=not({\"快餐简餐\", \"西餐\", \"徽菜\"}&restaurant_type_set)",
        "result=(day_count(plan)==3)",
        "result=(people_count(plan)==2)",
        "result=True\nfor activity in allactivities(plan):\n  if activity_type(activity) in ['attraction', 'airplane', 'train'] and activity_tickets(activity)!=2: result=False\n  if innercity_transport_type(activity_transports(activity))=='metro'and metro_tickets(activity_transports(activity))!=2: result=False",
        "result=True\nfor activity in allactivities(plan):\n  if innercity_transport_type(activity_transports(activity))=='taxi'and taxi_cars(activity_transports(activity))!=1: result=False"
    ],
    "nature_language": "我们2人，从上海出发，到南京旅行3天，要求如下：\n不希望游览南京沃德喜马拉雅冰雪乐园\n不希望尝试以下类型的餐厅快餐简餐 和 西餐 和 徽菜"
}