{
    "uid": "20250322030253845122",
    "start_city": "深圳",
    "target_city": "上海",
    "days": 3,
    "people_number": 4,
    "hard_logic_py": [
        "attraction_name_set=set()\nfor activity in allactivities(plan):\n  if activity_type(activity)=='attraction': attraction_name_set.add(activity_position(activity))\nresult=({\"国际乒联博物馆和中国乒乓球博物馆\", \"巨鹿路\", \"龙美术馆(西岸馆)\"}<=attraction_name_set)",
        "inner_city_transportation_set=set()\nfor activity in allactivities(plan):\n  if activity_type(activity)=='transportation': inner_city_transportation_set.add(activity_position(activity))\nresult=not({\"taxi\"}&inner_city_transportation_set)",
        "result=(day_count(plan)==3)",
        "result=(people_count(plan)==4)",
        "result=True\nfor activity in allactivities(plan):\n  if activity_type(activity) in ['attraction', 'airplane', 'train'] and activity_tickets(activity)!=4: result=False\n  if innercity_transport_type(activity_transports(activity))=='metro'and metro_tickets(activity_transports(activity))!=4: result=False",
        "result=True\nfor activity in allactivities(plan):\n  if innercity_transport_type(activity_transports(activity))=='taxi'and taxi_cars(activity_transports(activity))!=1: result=False"
    ],
    "nature_language": "我们4人，从深圳出发，到上海旅行3天，要求如下：\n希望游览国际乒联博物馆和中国乒乓球博物馆 和 巨鹿路 和 龙美术馆(西岸馆)\n不希望以taxi方式在城市内出行"
}