{
    "uid": "20250321203437097693",
    "start_city": "深圳",
    "target_city": "上海",
    "days": 3,
    "people_number": 4,
    "hard_logic_py": [
        "result_list=[]\nattraction_name_set=set()\nfor activity in allactivities(plan):\n  if activity_type(activity)=='attraction': attraction_name_set.add(activity_position(activity))\nresult=({\"人民公园\", \"四川北路公园\", \"北外滩国客中心\"}<=attraction_name_set)\nresult_list.append(result)\naccommodation_name_set=set()\nfor activity in allactivities(plan):\n  if activity_type(activity)=='accommodation': accommodation_name_set.add(activity_position(activity))\nresult=({\"上海静安铂尔曼酒店\"}<=accommodation_name_set)\nresult_list.append(result)\nresult=False\nfor r in result_list:\n  result=result or r"
    ],
    "nature_language": "我们4人，从深圳出发，到上海旅行3天，要求满足以下任意一个：\n1. 希望游览人民公园 和 四川北路公园 和 北外滩国客中心\n2. 希望入住以下酒店上海静安铂尔曼酒店"
}