{
    "uid": "20250321005131630532",
    "start_city": "北京",
    "target_city": "上海",
    "days": 3,
    "people_number": 3,
    "hard_logic_py": [
        "accommodation_cost=0\nfor activity in allactivities(plan):\n  if activity_type(activity)=='accommodation': accommodation_cost+=activity_cost(activity)\nresult=accommodation_cost<=4400",
        "result=(day_count(plan)==3)",
        "result=(people_count(plan)==3)",
        "result=True\nfor activity in allactivities(plan):\n  if activity_type(activity) in ['attraction', 'airplane', 'train'] and activity_tickets(activity)!=3: result=False\n  if innercity_transport_type(activity_transports(activity))=='metro'and metro_tickets(activity_transports(activity))!=3: result=False",
        "result=True\nfor activity in allactivities(plan):\n  if innercity_transport_type(activity_transports(activity))=='taxi'and taxi_cars(activity_transports(activity))!=1: result=False"
    ],
    "nature_language": "我们3人，从北京出发，到上海旅行3天，要求如下：\n在住宿上的预算为4400.0"
}