{
    "uid": "20250322025637297645",
    "start_city": "北京",
    "target_city": "武汉",
    "days": 4,
    "people_number": 5,
    "hard_logic_py": [
        "result_list=[]\nattraction_name_set=set()\nfor activity in allactivities(plan):\n  if activity_type(activity)=='attraction': attraction_name_set.add(activity_position(activity))\nresult=not({\"武汉动物园\"}&attraction_name_set)\nresult_list.append(result)\ninner_city_transportation_set=set()\nfor activity in allactivities(plan):\n  if activity_type(activity)=='transportation': inner_city_transportation_set.add(activity_position(activity))\nresult=not({\"taxi\"}&inner_city_transportation_set)\nresult_list.append(result)\nresult=False\nfor r in result_list:\n  result=result or r"
    ],
    "nature_language": "我们5人，从北京出发，到武汉旅行4天，要求满足以下任意一个：\n1. 不希望游览武汉动物园\n2. 不希望以taxi方式在城市内出行"
}