{
    "uid": "20250321155702641144",
    "start_city": "上海",
    "target_city": "南京",
    "days": 3,
    "people_number": 2,
    "hard_logic_py": [
        "attraction_name_set=set()\nfor activity in allactivities(plan):\n  if activity_type(activity)=='attraction': attraction_name_set.add(activity_position(activity))\nresult=not({\"南京银杏湖\"}&attraction_name_set)",
        "restaurant_name_set=set()\nfor activity in allactivities(plan):\n  if activity_type(activity) in ['breakfast', 'lunch', 'dinner']: restaurant_name_set.add(activity_position(activity))\nresult=({\"韩复兴(湖北路店)\", \"南京香格里拉大酒店·江南灶\", \"金丝利喜来登酒店.采悦轩中餐厅\"}&restaurant_name_set)",
        "result=(day_count(plan)==3)",
        "result=(people_count(plan)==2)",
        "result=True\nfor activity in allactivities(plan):\n  if activity_type(activity) in ['attraction', 'airplane', 'train'] and activity_tickets(activity)!=2: result=False\n  if innercity_transport_type(activity_transports(activity))=='metro'and metro_tickets(activity_transports(activity))!=2: result=False",
        "result=True\nfor activity in allactivities(plan):\n  if innercity_transport_type(activity_transports(activity))=='taxi'and taxi_cars(activity_transports(activity))!=1: result=False"
    ],
    "nature_language": "我们2人，从上海出发，到南京旅行3天，要求如下：\n不希望游览南京银杏湖\n希望尝试以下餐厅之一： 韩复兴(湖北路店) 或 南京香格里拉大酒店·江南灶 或 金丝利喜来登酒店.采悦轩中餐厅"
}