{
    "uid": "20250321061532428392",
    "start_city": "杭州",
    "target_city": "南京",
    "days": 3,
    "people_number": 5,
    "hard_logic_py": [
        "result=False\nfor activity in allactivities(plan):\n  if activity_position(activity)=='白马公园':\n    if activity_end_time(activity)>='14:00':\n      result=True",
        "result=(day_count(plan)==3)",
        "result=(people_count(plan)==5)",
        "result=True\nfor activity in allactivities(plan):\n  if activity_type(activity) in ['attraction', 'airplane', 'train'] and activity_tickets(activity)!=5: result=False\n  if innercity_transport_type(activity_transports(activity))=='metro'and metro_tickets(activity_transports(activity))!=5: result=False",
        "result=True\nfor activity in allactivities(plan):\n  if innercity_transport_type(activity_transports(activity))=='taxi'and taxi_cars(activity_transports(activity))!=2: result=False"
    ],
    "nature_language": "我们5人，从杭州出发，到南京旅行3天，要求如下：\n希望不早于14:00离开白马公园"
}