{
    "uid": "20250320220423832446",
    "start_city": "广州",
    "target_city": "重庆",
    "days": 2,
    "people_number": 5,
    "hard_logic_py": [
        "restaurant_type_set=set()\nfor activity in allactivities(plan):\n  if activity_type(activity) in ['breakfast', 'lunch', 'dinner']: restaurant_type_set.add(restaurant_type(activity, target_city(plan)))\nresult=({\"火锅\"}<=restaurant_type_set)",
        "result=(day_count(plan)==2)",
        "result=(people_count(plan)==5)",
        "result=True\nfor activity in allactivities(plan):\n  if activity_type(activity) in ['attraction', 'airplane', 'train'] and activity_tickets(activity)!=5: result=False\n  if innercity_transport_type(activity_transports(activity))=='metro'and metro_tickets(activity_transports(activity))!=5: result=False",
        "result=True\nfor activity in allactivities(plan):\n  if innercity_transport_type(activity_transports(activity))=='taxi'and taxi_cars(activity_transports(activity))!=2: result=False"
    ],
    "nature_language": "我们5人，从广州出发，到重庆旅行2天，要求如下：\n希望尝试以下类型的餐厅火锅"
}