{
    "uid": "20250321154204351273",
    "start_city": "苏州",
    "target_city": "杭州",
    "days": 3,
    "people_number": 2,
    "hard_logic_py": [
        "result_list=[]\nattraction_name_set=set()\nfor activity in allactivities(plan):\n  if activity_type(activity)=='attraction': attraction_name_set.add(activity_position(activity))\nresult=({\"满觉陇\"}<=attraction_name_set)\nresult_list.append(result)\nrestaurant_name_set=set()\nfor activity in allactivities(plan):\n  if activity_type(activity) in ['breakfast', 'lunch', 'dinner']: restaurant_name_set.add(activity_position(activity))\nresult=({\"滋味渊·匠心桐庐菜(景芳店)\"}&restaurant_name_set)\nresult_list.append(result)\nresult=False\nfor r in result_list:\n  result=result or r"
    ],
    "nature_language": "我们2人，从苏州出发，到杭州旅行3天，要求满足以下任意一个：\n1. 希望游览满觉陇\n2. 希望尝试以下餐厅之一： 滋味渊·匠心桐庐菜(景芳店)"
}