{
    "uid": "20250321125110058831",
    "start_city": "成都",
    "target_city": "深圳",
    "days": 3,
    "people_number": 2,
    "hard_logic_py": [
        "result_list=[]\nattraction_name_set=set()\nfor activity in allactivities(plan):\n  if activity_type(activity)=='attraction': attraction_name_set.add(activity_position(activity))\nresult=not({\"华强北博物馆\", \"虹桥公园\", \"锦绣中华\"}&attraction_name_set)\nresult_list.append(result)\nattraction_cost=0\nfor activity in allactivities(plan):\n  if activity_type(activity)=='attraction': attraction_cost+=activity_cost(activity)\nresult=attraction_cost<=0\nresult_list.append(result)\nresult=False\nfor r in result_list:\n  result=result or r"
    ],
    "nature_language": "我们2人，从成都出发，到深圳旅行3天，要求满足以下任意一个：\n1. 不希望游览华强北博物馆 和 虹桥公园 和 锦绣中华\n2. 希望只游览免费景点"
}