{
    "uid": "20250321160302982328",
    "start_city": "深圳",
    "target_city": "上海",
    "days": 3,
    "people_number": 4,
    "hard_logic_py": [
        "result_list=[]\nattraction_name_set=set()\nfor activity in allactivities(plan):\n  if activity_type(activity)=='attraction': attraction_name_set.add(activity_position(activity))\nresult=({\"建筑模型博物馆\", \"动吧donbar（陆家嘴旅游环线）\", \"遇见博物馆·上海静安馆\"}<=attraction_name_set)\nresult_list.append(result)\nrestaurant_name_set=set()\nfor activity in allactivities(plan):\n  if activity_type(activity) in ['breakfast', 'lunch', 'dinner']: restaurant_name_set.add(activity_position(activity))\nresult=not({\"南兴园\"}&restaurant_name_set)\nresult_list.append(result)\nresult=False\nfor r in result_list:\n  result=result or r"
    ],
    "nature_language": "我们4人，从深圳出发，到上海旅行3天，要求满足以下任意一个：\n1. 希望游览建筑模型博物馆 和 动吧donbar（陆家嘴旅游环线） 和 遇见博物馆·上海静安馆\n2. 不希望尝试以下餐厅：南兴园"
}