{
    "uid": "20250321141448529762",
    "start_city": "上海",
    "target_city": "深圳",
    "days": 4,
    "people_number": 3,
    "hard_logic_py": [
        "result_list=[]\nattraction_name_set=set()\nfor activity in allactivities(plan):\n  if activity_type(activity)=='attraction': attraction_name_set.add(activity_position(activity))\nresult=not({\"深圳湾公园\"}&attraction_name_set)\nresult_list.append(result)\nrestaurant_name_set=set()\nfor activity in allactivities(plan):\n  if activity_type(activity) in ['breakfast', 'lunch', 'dinner']: restaurant_name_set.add(activity_position(activity))\nresult=({\"6号花园餐厅\"}&restaurant_name_set)\nresult_list.append(result)\nresult=False\nfor r in result_list:\n  result=result or r"
    ],
    "nature_language": "我们3人，从上海出发，到深圳旅行4天，要求满足以下任意一个：\n1. 不希望游览深圳湾公园\n2. 希望尝试以下餐厅之一： 6号花园餐厅"
}