{
    "uid": "20250320231453681846",
    "start_city": "武汉",
    "target_city": "北京",
    "days": 3,
    "people_number": 1,
    "hard_logic_py": [
        "accommodation_name_set=set()\nfor activity in allactivities(plan):\n  if activity_type(activity)=='accommodation': accommodation_name_set.add(activity_position(activity))\nresult=not({\"北京朝阳公园亚朵酒店\", \"希岸Deluxe酒店(北京天安门珠市口地铁站店)\"}&accommodation_name_set)",
        "result=(day_count(plan)==3)",
        "result=(people_count(plan)==1)",
        "result=True\nfor activity in allactivities(plan):\n  if activity_type(activity) in ['attraction', 'airplane', 'train'] and activity_tickets(activity)!=1: result=False\n  if innercity_transport_type(activity_transports(activity))=='metro'and metro_tickets(activity_transports(activity))!=1: result=False",
        "result=True\nfor activity in allactivities(plan):\n  if innercity_transport_type(activity_transports(activity))=='taxi'and taxi_cars(activity_transports(activity))!=1: result=False"
    ],
    "nature_language": "我们1人，从武汉出发，到北京旅行3天，要求如下：\n不希望入住以下酒店北京朝阳公园亚朵酒店 和 希岸Deluxe酒店(北京天安门珠市口地铁站店)"
}