{
    "uid": "20250321030300283734",
    "start_city": "杭州",
    "target_city": "上海",
    "days": 3,
    "people_number": 1,
    "hard_logic_py": [
        "inner_city_transportation_cost=0 \nfor activity in allactivities(plan):\n    inner_city_transportation_cost += innercity_transport_cost(activity_transports(activity))\nresult=(inner_city_transportation_cost<=30)",
        "result=(day_count(plan)==3)",
        "result=(people_count(plan)==1)",
        "result=True\nfor activity in allactivities(plan):\n  if activity_type(activity) in ['attraction', 'airplane', 'train'] and activity_tickets(activity)!=1: result=False\n  if innercity_transport_type(activity_transports(activity))=='metro'and metro_tickets(activity_transports(activity))!=1: result=False",
        "result=True\nfor activity in allactivities(plan):\n  if innercity_transport_type(activity_transports(activity))=='taxi'and taxi_cars(activity_transports(activity))!=1: result=False"
    ],
    "nature_language": "我们1人，从杭州出发，到上海旅行3天，要求如下：\n在城市内出行的预算为30.0"
}