{
    "uid": "20250320202512554843",
    "start_city": "成都",
    "target_city": "苏州",
    "days": 3,
    "people_number": 5,
    "hard_logic_py": [
        "restaurant_name_set=set()\nfor activity in allactivities(plan):\n  if activity_type(activity) in ['breakfast', 'lunch', 'dinner']: restaurant_name_set.add(activity_position(activity))\nresult=not({\"西大园·苏式私房铜炉火锅(观前总店)\"}&restaurant_name_set)",
        "result=(day_count(plan)==3)",
        "result=(people_count(plan)==5)",
        "result=True\nfor activity in allactivities(plan):\n  if activity_type(activity) in ['attraction', 'airplane', 'train'] and activity_tickets(activity)!=5: result=False\n  if innercity_transport_type(activity_transports(activity))=='metro'and metro_tickets(activity_transports(activity))!=5: result=False",
        "result=True\nfor activity in allactivities(plan):\n  if innercity_transport_type(activity_transports(activity))=='taxi'and taxi_cars(activity_transports(activity))!=2: result=False"
    ],
    "nature_language": "我们5人，从成都出发，到苏州旅行3天，要求如下：\n不希望尝试以下餐厅：西大园·苏式私房铜炉火锅(观前总店)"
}