{
    "uid": "20250321044227819990",
    "start_city": "成都",
    "target_city": "苏州",
    "days": 2,
    "people_number": 5,
    "hard_logic_py": [
        "inter_city_transportation_cost=0\nfor activity in allactivities(plan):\n  if activity_type(activity) in ['airplane','train']: inter_city_transportation_cost+=activity_cost(activity)\nresult=inter_city_transportation_cost<=9900",
        "result=(day_count(plan)==2)",
        "result=(people_count(plan)==5)",
        "result=True\nfor activity in allactivities(plan):\n  if activity_type(activity) in ['attraction', 'airplane', 'train'] and activity_tickets(activity)!=5: result=False\n  if innercity_transport_type(activity_transports(activity))=='metro'and metro_tickets(activity_transports(activity))!=5: result=False",
        "result=True\nfor activity in allactivities(plan):\n  if innercity_transport_type(activity_transports(activity))=='taxi'and taxi_cars(activity_transports(activity))!=2: result=False"
    ],
    "nature_language": "我们5人，从成都出发，到苏州旅行2天，要求如下：\n跨城市交通的预算为9900.0"
}