{
    "uid": "20250321092540864955",
    "start_city": "重庆",
    "target_city": "南京",
    "days": 5,
    "people_number": 3,
    "hard_logic_py": [
        "result=True\nfor activity in allactivities(plan):\n  if activity_type(activity)=='accommodation' and room_type(activity)!=1: result=False",
        "result=(day_count(plan)==5)",
        "result=(people_count(plan)==3)",
        "result=True\nfor activity in allactivities(plan):\n  if activity_type(activity) in ['attraction', 'airplane', 'train'] and activity_tickets(activity)!=3: result=False\n  if innercity_transport_type(activity_transports(activity))=='metro'and metro_tickets(activity_transports(activity))!=3: result=False",
        "result=True\nfor activity in allactivities(plan):\n  if innercity_transport_type(activity_transports(activity))=='taxi'and taxi_cars(activity_transports(activity))!=1: result=False"
    ],
    "nature_language": "我们3人，从重庆出发，到南京旅行5天，要求如下：\n希望入住单床房"
}