{
    "uid": "20250320202958370329",
    "start_city": "成都",
    "target_city": "苏州",
    "days": 4,
    "people_number": 3,
    "hard_logic_py": [
        "restaurant_name_set=set()\nfor activity in allactivities(plan):\n  if activity_type(activity) in ['breakfast', 'lunch', 'dinner']: restaurant_name_set.add(activity_position(activity))\nresult=({\"苏枕河精致苏帮菜 熟醉蟹 松鼠桂鱼(山塘街店)\"}&restaurant_name_set)",
        "result=(day_count(plan)==4)",
        "result=(people_count(plan)==3)",
        "result=True\nfor activity in allactivities(plan):\n  if activity_type(activity) in ['attraction', 'airplane', 'train'] and activity_tickets(activity)!=3: result=False\n  if innercity_transport_type(activity_transports(activity))=='metro'and metro_tickets(activity_transports(activity))!=3: result=False",
        "result=True\nfor activity in allactivities(plan):\n  if innercity_transport_type(activity_transports(activity))=='taxi'and taxi_cars(activity_transports(activity))!=1: result=False"
    ],
    "nature_language": "我们3人，从成都出发，到苏州旅行4天，要求如下：\n希望尝试以下餐厅之一： 苏枕河精致苏帮菜 熟醉蟹 松鼠桂鱼(山塘街店)"
}