{
    "uid": "20250321134133012909",
    "start_city": "苏州",
    "target_city": "成都",
    "days": 3,
    "people_number": 5,
    "hard_logic_py": [
        "attraction_name_set=set()\nfor activity in allactivities(plan):\n  if activity_type(activity)=='attraction': attraction_name_set.add(activity_position(activity))\nresult=({\"文殊坊文殊院历史文化保护区\", \"春熙路\", \"成都自然博物馆\"}<=attraction_name_set)",
        "attraction_cost=0\nfor activity in allactivities(plan):\n  if activity_type(activity)=='attraction': attraction_cost+=activity_cost(activity)\nresult=attraction_cost<=200",
        "result=(day_count(plan)==3)",
        "result=(people_count(plan)==5)",
        "result=True\nfor activity in allactivities(plan):\n  if activity_type(activity) in ['attraction', 'airplane', 'train'] and activity_tickets(activity)!=5: result=False\n  if innercity_transport_type(activity_transports(activity))=='metro'and metro_tickets(activity_transports(activity))!=5: result=False",
        "result=True\nfor activity in allactivities(plan):\n  if innercity_transport_type(activity_transports(activity))=='taxi'and taxi_cars(activity_transports(activity))!=2: result=False"
    ],
    "nature_language": "我们5人，从苏州出发，到成都旅行3天，要求如下：\n希望游览文殊坊文殊院历史文化保护区 和 春熙路 和 成都自然博物馆\n在游览上的预算为200.0"
}