{
    "uid": "20250321040107982437",
    "start_city": "北京",
    "target_city": "苏州",
    "days": 4,
    "people_number": 3,
    "hard_logic_py": [
        "result=False\nintercity_transport_go=''\nintercity_transport_back=''\nif allactivities(plan)[0]['type'] == \"train\" and intercity_transport_origin(allactivities(plan)[0])==start_city(plan) and allactivities(plan)[-1]['type'] == \"train\" and intercity_transport_origin(allactivities(plan)[-1])==target_city(plan):\n  result=True",
        "result=(day_count(plan)==4)",
        "result=(people_count(plan)==3)",
        "result=True\nfor activity in allactivities(plan):\n  if activity_type(activity) in ['attraction', 'airplane', 'train'] and activity_tickets(activity)!=3: result=False\n  if innercity_transport_type(activity_transports(activity))=='metro'and metro_tickets(activity_transports(activity))!=3: result=False",
        "result=True\nfor activity in allactivities(plan):\n  if innercity_transport_type(activity_transports(activity))=='taxi'and taxi_cars(activity_transports(activity))!=1: result=False"
    ],
    "nature_language": "我们3人，从北京出发，到苏州旅行4天，要求如下：\n希望乘坐train前往目的地，乘坐train返回"
}