{
    "uid": "20250322010520858174",
    "start_city": "武汉",
    "target_city": "深圳",
    "days": 3,
    "people_number": 3,
    "hard_logic_py": [
        "result_list=[]\nattraction_name_set=set()\nfor activity in allactivities(plan):\n  if activity_type(activity)=='attraction': attraction_name_set.add(activity_position(activity))\nresult=not({\"龙岗儿童公园\", \"尼克Playtime乐园\", \"锦绣中华\"}&attraction_name_set)\nresult_list.append(result)\naccommodation_cost=0\nfor activity in allactivities(plan):\n  if activity_type(activity)=='accommodation': accommodation_cost+=activity_cost(activity)\nresult=accommodation_cost<=2400\nresult_list.append(result)\nresult=False\nfor r in result_list:\n  result=result or r"
    ],
    "nature_language": "我们3人，从武汉出发，到深圳旅行3天，要求满足以下任意一个：\n1. 不希望游览龙岗儿童公园 和 尼克Playtime乐园 和 锦绣中华\n2. 在住宿上的预算为2400.0"
}