{
    "uid": "20250322020708630055",
    "start_city": "南京",
    "target_city": "上海",
    "days": 2,
    "people_number": 2,
    "hard_logic_py": [
        "result_list=[]\nattraction_name_set=set()\nfor activity in allactivities(plan):\n  if activity_type(activity)=='attraction': attraction_name_set.add(activity_position(activity))\nresult=({\"虹桥丽宝广场\", \"七宝古镇\"}<=attraction_name_set)\nresult_list.append(result)\naccommodation_cost=0\nfor activity in allactivities(plan):\n  if activity_type(activity)=='accommodation': accommodation_cost+=activity_cost(activity)\nresult=accommodation_cost<=1700\nresult_list.append(result)\nresult=False\nfor r in result_list:\n  result=result or r"
    ],
    "nature_language": "我们2人，从南京出发，到上海旅行2天，要求满足以下任意一个：\n1. 希望游览虹桥丽宝广场 和 七宝古镇\n2. 在住宿上的预算为1700.0"
}