{
    "uid": "20250320225931384033",
    "start_city": "广州",
    "target_city": "武汉",
    "days": 3,
    "people_number": 4,
    "hard_logic_py": [
        "accommodation_name_set=set()\nfor activity in allactivities(plan):\n  if activity_type(activity)=='accommodation': accommodation_name_set.add(activity_position(activity))\nresult=({\"武汉东西湖合正艺品酒店(五环体育中心店)\"}<=accommodation_name_set)",
        "result=(day_count(plan)==3)",
        "result=(people_count(plan)==4)",
        "result=True\nfor activity in allactivities(plan):\n  if activity_type(activity) in ['attraction', 'airplane', 'train'] and activity_tickets(activity)!=4: result=False\n  if innercity_transport_type(activity_transports(activity))=='metro'and metro_tickets(activity_transports(activity))!=4: result=False",
        "result=True\nfor activity in allactivities(plan):\n  if innercity_transport_type(activity_transports(activity))=='taxi'and taxi_cars(activity_transports(activity))!=1: result=False"
    ],
    "nature_language": "我们4人，从广州出发，到武汉旅行3天，要求如下：\n希望入住以下酒店武汉东西湖合正艺品酒店(五环体育中心店)"
}