{
    "uid": "20250321124345084418",
    "start_city": "上海",
    "target_city": "深圳",
    "days": 4,
    "people_number": 3,
    "hard_logic_py": [
        "result_list=[]\nattraction_name_set=set()\nfor activity in allactivities(plan):\n  if activity_type(activity)=='attraction': attraction_name_set.add(activity_position(activity))\nresult=not({\"深圳湾公园\"}&attraction_name_set)\nresult_list.append(result)\nattraction_cost=0\nfor activity in allactivities(plan):\n  if activity_type(activity)=='attraction': attraction_cost+=activity_cost(activity)\nresult=attraction_cost<=0\nresult_list.append(result)\nresult=False\nfor r in result_list:\n  result=result or r"
    ],
    "nature_language": "我们3人，从上海出发，到深圳旅行4天，要求满足以下任意一个：\n1. 不希望游览深圳湾公园\n2. 希望只游览免费景点"
}