{
    "uid": "20250320204445068209",
    "start_city": "杭州",
    "target_city": "重庆",
    "days": 3,
    "people_number": 5,
    "hard_logic_py": [
        "restaurant_name_set=set()\nfor activity in allactivities(plan):\n  if activity_type(activity) in ['breakfast', 'lunch', 'dinner']: restaurant_name_set.add(activity_position(activity))\nresult=not({\"受气牛肉·牛肉火锅(观音桥阳光世纪店)\"}&restaurant_name_set)",
        "result=(day_count(plan)==3)",
        "result=(people_count(plan)==5)",
        "result=True\nfor activity in allactivities(plan):\n  if activity_type(activity) in ['attraction', 'airplane', 'train'] and activity_tickets(activity)!=5: result=False\n  if innercity_transport_type(activity_transports(activity))=='metro'and metro_tickets(activity_transports(activity))!=5: result=False",
        "result=True\nfor activity in allactivities(plan):\n  if innercity_transport_type(activity_transports(activity))=='taxi'and taxi_cars(activity_transports(activity))!=2: result=False"
    ],
    "nature_language": "我们5人，从杭州出发，到重庆旅行3天，要求如下：\n不希望尝试以下餐厅：受气牛肉·牛肉火锅(观音桥阳光世纪店)"
}