{
    "uid": "20250321130643134050",
    "start_city": "杭州",
    "target_city": "成都",
    "days": 2,
    "people_number": 3,
    "hard_logic_py": [
        "result_list=[]\nattraction_name_set=set()\nfor activity in allactivities(plan):\n  if activity_type(activity)=='attraction': attraction_name_set.add(activity_position(activity))\nresult=({\"天府芙蓉园\"}<=attraction_name_set)\nresult_list.append(result)\nattraction_cost=0\nfor activity in allactivities(plan):\n  if activity_type(activity)=='attraction': attraction_cost+=activity_cost(activity)\nresult=attraction_cost<=400\nresult_list.append(result)\nresult=False\nfor r in result_list:\n  result=result or r"
    ],
    "nature_language": "我们3人，从杭州出发，到成都旅行2天，要求满足以下任意一个：\n1. 希望游览天府芙蓉园\n2. 在游览上的预算为400.0"
}