{
    "uid": "20250321131905565432",
    "start_city": "北京",
    "target_city": "武汉",
    "days": 4,
    "people_number": 5,
    "hard_logic_py": [
        "result_list=[]\nattraction_name_set=set()\nfor activity in allactivities(plan):\n  if activity_type(activity)=='attraction': attraction_name_set.add(activity_position(activity))\nresult=not({\"汉秀剧场\"}&attraction_name_set)\nresult_list.append(result)\nattraction_cost=0\nfor activity in allactivities(plan):\n  if activity_type(activity)=='attraction': attraction_cost+=activity_cost(activity)\nresult=attraction_cost<=1600\nresult_list.append(result)\nresult=False\nfor r in result_list:\n  result=result or r"
    ],
    "nature_language": "我们5人，从北京出发，到武汉旅行4天，要求满足以下任意一个：\n1. 不希望游览汉秀剧场\n2. 在游览上的预算为1600.0"
}