{
    "uid": "20250321111720443608",
    "start_city": "苏州",
    "target_city": "杭州",
    "days": 4,
    "people_number": 4,
    "hard_logic_py": [
        "attraction_name_set=set()\nfor activity in allactivities(plan):\n  if activity_type(activity)=='attraction': attraction_name_set.add(activity_position(activity))\nresult=({\"西溪天堂商业街\"}<=attraction_name_set)",
        "attraction_type_set=set()\nfor activity in allactivities(plan):\n  if activity_type(activity)=='attraction': attraction_type_set.add(attraction_type(activity, target_city(plan)))\nresult=not({\"博物馆/纪念馆\", \"大学校园\"}&attraction_type_set)",
        "result=(day_count(plan)==4)",
        "result=(people_count(plan)==4)",
        "result=True\nfor activity in allactivities(plan):\n  if activity_type(activity) in ['attraction', 'airplane', 'train'] and activity_tickets(activity)!=4: result=False\n  if innercity_transport_type(activity_transports(activity))=='metro'and metro_tickets(activity_transports(activity))!=4: result=False",
        "result=True\nfor activity in allactivities(plan):\n  if innercity_transport_type(activity_transports(activity))=='taxi'and taxi_cars(activity_transports(activity))!=1: result=False"
    ],
    "nature_language": "我们4人，从苏州出发，到杭州旅行4天，要求如下：\n希望游览西溪天堂商业街\n不希望游览博物馆/纪念馆 和 大学校园"
}