{
    "uid": "20250320203114514615",
    "start_city": "南京",
    "target_city": "武汉",
    "days": 2,
    "people_number": 4,
    "hard_logic_py": [
        "restaurant_name_set=set()\nfor activity in allactivities(plan):\n  if activity_type(activity) in ['breakfast', 'lunch', 'dinner']: restaurant_name_set.add(activity_position(activity))\nresult=not({\"18号酒馆(汉口店)\"}&restaurant_name_set)",
        "result=(day_count(plan)==2)",
        "result=(people_count(plan)==4)",
        "result=True\nfor activity in allactivities(plan):\n  if activity_type(activity) in ['attraction', 'airplane', 'train'] and activity_tickets(activity)!=4: result=False\n  if innercity_transport_type(activity_transports(activity))=='metro'and metro_tickets(activity_transports(activity))!=4: result=False",
        "result=True\nfor activity in allactivities(plan):\n  if innercity_transport_type(activity_transports(activity))=='taxi'and taxi_cars(activity_transports(activity))!=1: result=False"
    ],
    "nature_language": "我们4人，从南京出发，到武汉旅行2天，要求如下：\n不希望尝试以下餐厅：18号酒馆(汉口店)"
}