{
    "uid": "20250321062622488462",
    "start_city": "杭州",
    "target_city": "上海",
    "days": 4,
    "people_number": 2,
    "hard_logic_py": [
        "result=False\nfor activity in allactivities(plan):\n  if activity_position(activity)=='荟廷·晶萃(凯德晶萃店)':\n    if activity_time(activity)>=60:\n      result=True",
        "result=(day_count(plan)==4)",
        "result=(people_count(plan)==2)",
        "result=True\nfor activity in allactivities(plan):\n  if activity_type(activity) in ['attraction', 'airplane', 'train'] and activity_tickets(activity)!=2: result=False\n  if innercity_transport_type(activity_transports(activity))=='metro'and metro_tickets(activity_transports(activity))!=2: result=False",
        "result=True\nfor activity in allactivities(plan):\n  if innercity_transport_type(activity_transports(activity))=='taxi'and taxi_cars(activity_transports(activity))!=1: result=False"
    ],
    "nature_language": "我们2人，从杭州出发，到上海旅行4天，要求如下：\n希望在荟廷·晶萃(凯德晶萃店)停留不少于60分钟"
}