{
    "uid": "20250321173140280547",
    "start_city": "南京",
    "target_city": "上海",
    "days": 2,
    "people_number": 2,
    "hard_logic_py": [
        "result_list=[]\nattraction_name_set=set()\nfor activity in allactivities(plan):\n  if activity_type(activity)=='attraction': attraction_name_set.add(activity_position(activity))\nresult=({\"金茂大厦88层观光厅\", \"刘海粟美术馆\"}<=attraction_name_set)\nresult_list.append(result)\nrestaurant_type_set=set()\nfor activity in allactivities(plan):\n  if activity_type(activity) in ['breakfast', 'lunch', 'dinner']: restaurant_type_set.add(restaurant_type(activity, target_city(plan)))\nresult=not({\"鲁菜\", \"咖啡店\"}&restaurant_type_set)\nresult_list.append(result)\nresult=False\nfor r in result_list:\n  result=result or r"
    ],
    "nature_language": "我们2人，从南京出发，到上海旅行2天，要求满足以下任意一个：\n1. 希望游览金茂大厦88层观光厅 和 刘海粟美术馆\n2. 不希望尝试以下类型的餐厅鲁菜 和 咖啡店"
}